{
    "objects": [
        {
            "attributes": {
                "description": "Overview dashboard por powershell module.",
                "hits": 0,
                "kibanaSavedObjectMeta": {
                    "searchSourceJSON": "{\"filter\": [], \"query\": {\"language\": \"kuery\", \"query\": \"\"}}"
                },
                "optionsJSON": "{\"hidePanelTitles\": false, \"useMargins\": true}",
                "panelsJSON": "[{\"embeddableConfig\": {}, \"gridData\": {\"h\": 8, \"i\": \"fa41e799-b6b3-49ec-a11c-3f20231a4a79\", \"w\": 13, \"x\": 0, \"y\": 0}, \"panelIndex\": \"fa41e799-b6b3-49ec-a11c-3f20231a4a79\", \"panelRefName\": \"panel_0\", \"version\": \"7.6.0\"}, {\"embeddableConfig\": {}, \"gridData\": {\"h\": 6, \"i\": \"65ce6b63-6ce0-4094-ab23-189126fc169f\", \"w\": 7, \"x\": 13, \"y\": 0}, \"panelIndex\": \"65ce6b63-6ce0-4094-ab23-189126fc169f\", \"panelRefName\": \"panel_1\", \"version\": \"7.6.0\"}, {\"embeddableConfig\": {}, \"gridData\": {\"h\": 6, \"i\": \"314e6f55-a05a-4ae3-ab76-bcae7f2074ab\", \"w\": 8, \"x\": 20, \"y\": 0}, \"panelIndex\": \"314e6f55-a05a-4ae3-ab76-bcae7f2074ab\", \"panelRefName\": \"panel_2\", \"version\": \"7.6.0\"}, {\"embeddableConfig\": {}, \"gridData\": {\"h\": 6, \"i\": \"a1f161f6-1abe-4177-9ede-4d1984f5a963\", \"w\": 7, \"x\": 28, \"y\": 0}, \"panelIndex\": \"a1f161f6-1abe-4177-9ede-4d1984f5a963\", \"panelRefName\": \"panel_3\", \"version\": \"7.6.0\"}, {\"embeddableConfig\": {}, \"gridData\": {\"h\": 6, \"i\": \"6b7ed122-22f3-4e9d-89eb-8de92c0d2033\", \"w\": 4, \"x\": 35, \"y\": 0}, \"panelIndex\": \"6b7ed122-22f3-4e9d-89eb-8de92c0d2033\", \"panelRefName\": \"panel_4\", \"version\": \"7.6.0\"}, {\"embeddableConfig\": {}, \"gridData\": {\"h\": 6, \"i\": \"d536f6a7-ad28-4a32-9319-9e0b983828bf\", \"w\": 4, \"x\": 39, \"y\": 0}, \"panelIndex\": \"d536f6a7-ad28-4a32-9319-9e0b983828bf\", \"panelRefName\": \"panel_5\", \"version\": \"7.6.0\"}, {\"embeddableConfig\": {}, \"gridData\": {\"h\": 6, \"i\": \"eda6d08f-b45e-448a-bf9f-afa5516d4b4b\", \"w\": 4, \"x\": 43, \"y\": 0}, \"panelIndex\": \"eda6d08f-b45e-448a-bf9f-afa5516d4b4b\", \"panelRefName\": \"panel_6\", \"version\": \"7.6.0\"}, {\"embeddableConfig\": {}, \"gridData\": {\"h\": 10, \"i\": \"56d2dd76-6fec-422b-96e9-22791b0c5f0c\", \"w\": 10, \"x\": 13, \"y\": 6}, \"panelIndex\": \"56d2dd76-6fec-422b-96e9-22791b0c5f0c\", \"panelRefName\": \"panel_7\", \"version\": \"7.6.0\"}, {\"embeddableConfig\": {}, \"gridData\": {\"h\": 7, \"i\": \"3e4a9683-fd6a-4ad7-b05f-c71bcb4d92d5\", \"w\": 12, \"x\": 23, \"y\": 6}, \"panelIndex\": \"3e4a9683-fd6a-4ad7-b05f-c71bcb4d92d5\", \"panelRefName\": \"panel_8\", \"version\": \"7.6.0\"}, {\"embeddableConfig\": {}, \"gridData\": {\"h\": 7, \"i\": \"a8c00572-667b-4e39-8b0c-10be56fbadd5\", \"w\": 12, \"x\": 35, \"y\": 6}, \"panelIndex\": \"a8c00572-667b-4e39-8b0c-10be56fbadd5\", \"panelRefName\": \"panel_9\", \"version\": \"7.6.0\"}, {\"embeddableConfig\": {}, \"gridData\": {\"h\": 8, \"i\": \"e8a57cba-14d2-4cd9-a727-f5e30165f6ba\", \"w\": 13, \"x\": 0, \"y\": 8}, \"panelIndex\": \"e8a57cba-14d2-4cd9-a727-f5e30165f6ba\", \"panelRefName\": \"panel_10\", \"version\": \"7.6.0\"}, {\"embeddableConfig\": {}, \"gridData\": {\"h\": 7, \"i\": \"8ae39cfa-cb06-45eb-880e-b749c3355d61\", \"w\": 12, \"x\": 23, \"y\": 13}, \"panelIndex\": \"8ae39cfa-cb06-45eb-880e-b749c3355d61\", \"panelRefName\": \"panel_11\", \"version\": \"7.6.0\"}, {\"embeddableConfig\": {}, \"gridData\": {\"h\": 7, \"i\": \"ef92d192-b56d-476c-b640-e226679ed178\", \"w\": 12, \"x\": 35, \"y\": 13}, \"panelIndex\": \"ef92d192-b56d-476c-b640-e226679ed178\", \"panelRefName\": \"panel_12\", \"version\": \"7.6.0\"}, {\"embeddableConfig\": {}, \"gridData\": {\"h\": 11, \"i\": \"b15dcac5-3616-4b41-8abb-cb28398b16f4\", \"w\": 13, \"x\": 0, \"y\": 16}, \"panelIndex\": \"b15dcac5-3616-4b41-8abb-cb28398b16f4\", \"panelRefName\": \"panel_13\", \"version\": \"7.6.0\"}, {\"embeddableConfig\": {}, \"gridData\": {\"h\": 11, \"i\": \"23af61c8-6a45-4d7d-9905-8ed265328130\", \"w\": 10, \"x\": 13, \"y\": 16}, \"panelIndex\": \"23af61c8-6a45-4d7d-9905-8ed265328130\", \"panelRefName\": \"panel_14\", \"version\": \"7.6.0\"}, {\"embeddableConfig\": {}, \"gridData\": {\"h\": 7, \"i\": \"390068ed-b7fb-4ec1-87d5-e89f7cc82e04\", \"w\": 12, \"x\": 23, \"y\": 20}, \"panelIndex\": \"390068ed-b7fb-4ec1-87d5-e89f7cc82e04\", \"panelRefName\": \"panel_15\", \"version\": \"7.6.0\"}, {\"embeddableConfig\": {}, \"gridData\": {\"h\": 7, \"i\": \"45724dca-fea2-4f3b-af79-cf89bb12a31b\", \"w\": 12, \"x\": 35, \"y\": 20}, \"panelIndex\": \"45724dca-fea2-4f3b-af79-cf89bb12a31b\", \"panelRefName\": \"panel_16\", \"version\": \"7.6.0\"}, {\"embeddableConfig\": {}, \"gridData\": {\"h\": 14, \"i\": \"7f0c4a51-d972-42a5-ba0a-d3de814c7440\", \"w\": 47, \"x\": 0, \"y\": 27}, \"panelIndex\": \"7f0c4a51-d972-42a5-ba0a-d3de814c7440\", \"panelRefName\": \"panel_17\", \"version\": \"7.6.0\"}]",
                "timeRestore": false,
                "title": "[Winlogbeat powershell] Overview",
                "version": 1
            },
            "id": "c77e06c0-9e7c-11ea-af6f-cfdb1ee1d6c8",
            "migrationVersion": {
                "dashboard": "7.3.0"
            },
            "references": [
                {
                    "id": "9ec52c30-9e91-11ea-af6f-cfdb1ee1d6c8",
                    "name": "panel_0",
                    "type": "visualization"
                },
                {
                    "id": "52543ef0-9e95-11ea-af6f-cfdb1ee1d6c8",
                    "name": "panel_1",
                    "type": "visualization"
                },
                {
                    "id": "7f3e7710-9e94-11ea-af6f-cfdb1ee1d6c8",
                    "name": "panel_2",
                    "type": "visualization"
                },
                {
                    "id": "78874900-9f30-11ea-bef1-95118e62a7c1",
                    "name": "panel_3",
                    "type": "visualization"
                },
                {
                    "id": "e64ff750-9f28-11ea-bef1-95118e62a7c1",
                    "name": "panel_4",
                    "type": "visualization"
                },
                {
                    "id": "2dbabdf0-9f29-11ea-bef1-95118e62a7c1",
                    "name": "panel_5",
                    "type": "visualization"
                },
                {
                    "id": "92a2a6b0-9f29-11ea-bef1-95118e62a7c1",
                    "name": "panel_6",
                    "type": "visualization"
                },
                {
                    "id": "e20b3940-9e9a-11ea-af6f-cfdb1ee1d6c8",
                    "name": "panel_7",
                    "type": "visualization"
                },
                {
                    "id": "1eeaaf70-9f23-11ea-bef1-95118e62a7c1",
                    "name": "panel_8",
                    "type": "visualization"
                },
                {
                    "id": "f9fa55f0-9f34-11ea-bef1-95118e62a7c1",
                    "name": "panel_9",
                    "type": "visualization"
                },
                {
                    "id": "3e55daa0-9e8e-11ea-af6f-cfdb1ee1d6c8",
                    "name": "panel_10",
                    "type": "visualization"
                },
                {
                    "id": "d27dea70-9f32-11ea-bef1-95118e62a7c1",
                    "name": "panel_11",
                    "type": "visualization"
                },
                {
                    "id": "fbb025e0-9e7c-11ea-af6f-cfdb1ee1d6c8",
                    "name": "panel_12",
                    "type": "visualization"
                },
                {
                    "id": "7adbce50-9e96-11ea-af6f-cfdb1ee1d6c8",
                    "name": "panel_13",
                    "type": "visualization"
                },
                {
                    "id": "70751050-9f33-11ea-bef1-95118e62a7c1",
                    "name": "panel_14",
                    "type": "visualization"
                },
                {
                    "id": "b0c5d570-9e7c-11ea-af6f-cfdb1ee1d6c8",
                    "name": "panel_15",
                    "type": "visualization"
                },
                {
                    "id": "c0945210-9e8b-11ea-af6f-cfdb1ee1d6c8",
                    "name": "panel_16",
                    "type": "visualization"
                },
                {
                    "id": "11a61760-9f27-11ea-bef1-95118e62a7c1",
                    "name": "panel_17",
                    "type": "search"
                }
            ],
            "type": "dashboard",
            "updated_at": "2020-05-26T12:55:23.284Z",
            "version": "WzczLDFd"
        },
        {
            "attributes": {
                "description": "",
                "kibanaSavedObjectMeta": {
                    "searchSourceJSON": "{\"filter\": [], \"indexRefName\": \"kibanaSavedObjectMeta.searchSourceJSON.index\", \"query\": {\"language\": \"kuery\", \"query\": \"winlog.provider_name : \\\"PowerShell\\\" or winlog.provider_name : \\\"Microsoft-Windows-PowerShell\\\" \"}}"
                },
                "title": "Connected users [Winlogbeat powershell]",
                "uiStateJSON": "{\"vis\": {\"params\": {\"sort\": {\"columnIndex\": null, \"direction\": null}}}}",
                "version": 1,
                "visState": "{\"aggs\": [{\"enabled\": true, \"id\": \"1\", \"params\": {}, \"schema\": \"metric\", \"type\": \"count\"}, {\"enabled\": true, \"id\": \"2\", \"params\": {\"customLabel\": \"User\", \"field\": \"powershell.connected_user.name\", \"missingBucket\": false, \"missingBucketLabel\": \"Missing\", \"order\": \"desc\", \"orderBy\": \"4\", \"otherBucket\": false, \"otherBucketLabel\": \"Other\", \"size\": 5}, \"schema\": \"bucket\", \"type\": \"terms\"}, {\"enabled\": true, \"id\": \"4\", \"params\": {\"customLabel\": \"Host count\", \"field\": \"host.name\"}, \"schema\": \"metric\", \"type\": \"cardinality\"}], \"params\": {\"dimensions\": {\"buckets\": [{\"accessor\": 0, \"aggType\": \"terms\", \"format\": {\"id\": \"terms\", \"params\": {\"id\": \"string\", \"missingBucketLabel\": \"Missing\", \"otherBucketLabel\": \"Other\", \"parsedUrl\": {\"basePath\": \"\", \"origin\": \"http://192.168.1.48:5601\", \"pathname\": \"/app/kibana\"}}}, \"label\": \"User\", \"params\": {}}], \"metrics\": [{\"accessor\": 1, \"aggType\": \"count\", \"format\": {\"id\": \"number\"}, \"label\": \"Count\", \"params\": {}}, {\"accessor\": 2, \"aggType\": \"cardinality\", \"format\": {\"id\": \"number\"}, \"label\": \"Unique count of host.name\", \"params\": {}}]}, \"perPage\": 10, \"percentageCol\": \"\", \"showMetricsAtAllLevels\": false, \"showPartialRows\": false, \"showTotal\": false, \"sort\": {\"columnIndex\": null, \"direction\": null}, \"totalFunc\": \"sum\"}, \"title\": \"Connected users [Winlogbeat powershell]\", \"type\": \"table\"}"
            },
            "id": "9ec52c30-9e91-11ea-af6f-cfdb1ee1d6c8",
            "migrationVersion": {
                "visualization": "7.4.2"
            },
            "references": [
                {
                    "id": "winlogbeat-*",
                    "name": "kibanaSavedObjectMeta.searchSourceJSON.index",
                    "type": "index-pattern"
                }
            ],
            "type": "visualization",
            "updated_at": "2020-05-26T12:55:23.284Z",
            "version": "Wzc0LDFd"
        },
        {
            "attributes": {
                "description": "",
                "kibanaSavedObjectMeta": {
                    "searchSourceJSON": "{\"filter\": [], \"indexRefName\": \"kibanaSavedObjectMeta.searchSourceJSON.index\", \"query\": {\"language\": \"kuery\", \"query\": \"winlog.provider_name : \\\"PowerShell\\\" or winlog.provider_name : \\\"Microsoft-Windows-PowerShell\\\" \"}}"
                },
                "title": "Total engine started [Winlogbeat powershell]",
                "uiStateJSON": "{}",
                "version": 1,
                "visState": "{\"aggs\": [{\"enabled\": true, \"id\": \"1\", \"params\": {}, \"schema\": \"metric\", \"type\": \"count\"}, {\"enabled\": true, \"id\": \"2\", \"params\": {\"filters\": [{\"input\": {\"language\": \"kuery\", \"query\": \"event.code: 400\"}, \"label\": \"\"}]}, \"schema\": \"group\", \"type\": \"filters\"}], \"params\": {\"addLegend\": false, \"addTooltip\": true, \"dimensions\": {\"bucket\": {\"accessor\": 0, \"format\": {\"id\": \"string\", \"params\": {}}, \"type\": \"vis_dimension\"}, \"metrics\": [{\"accessor\": 1, \"format\": {\"id\": \"number\", \"params\": {}}, \"type\": \"vis_dimension\"}]}, \"metric\": {\"colorSchema\": \"Green to Red\", \"colorsRange\": [{\"from\": 0, \"to\": 10000, \"type\": \"range\"}], \"invertColors\": false, \"labels\": {\"show\": true}, \"metricColorMode\": \"None\", \"percentageMode\": false, \"style\": {\"bgColor\": false, \"bgFill\": \"#000\", \"fontSize\": 32, \"labelColor\": false, \"subText\": \"\"}, \"useRanges\": false}, \"type\": \"metric\"}, \"title\": \"Total engine started [Winlogbeat powershell]\", \"type\": \"metric\"}"
            },
            "id": "52543ef0-9e95-11ea-af6f-cfdb1ee1d6c8",
            "migrationVersion": {
                "visualization": "7.4.2"
            },
            "references": [
                {
                    "id": "winlogbeat-*",
                    "name": "kibanaSavedObjectMeta.searchSourceJSON.index",
                    "type": "index-pattern"
                }
            ],
            "type": "visualization",
            "updated_at": "2020-05-26T12:55:23.284Z",
            "version": "Wzc1LDFd"
        },
        {
            "attributes": {
                "description": "",
                "kibanaSavedObjectMeta": {
                    "searchSourceJSON": "{\"filter\": [], \"indexRefName\": \"kibanaSavedObjectMeta.searchSourceJSON.index\", \"query\": {\"language\": \"kuery\", \"query\": \"winlog.provider_name : \\\"PowerShell\\\" or winlog.provider_name : \\\"Microsoft-Windows-PowerShell\\\" \"}}"
                },
                "title": "Total commands [Winlogbeat powershell]",
                "uiStateJSON": "{}",
                "version": 1,
                "visState": "{\"aggs\": [{\"enabled\": true, \"id\": \"1\", \"params\": {}, \"schema\": \"metric\", \"type\": \"count\"}, {\"enabled\": true, \"id\": \"2\", \"params\": {\"filters\": [{\"input\": {\"language\": \"kuery\", \"query\": \"powershell.command.name: * \"}, \"label\": \"Commands\"}]}, \"schema\": \"group\", \"type\": \"filters\"}], \"params\": {\"addLegend\": false, \"addTooltip\": true, \"dimensions\": {\"bucket\": {\"accessor\": 0, \"format\": {\"id\": \"string\", \"params\": {}}, \"type\": \"vis_dimension\"}, \"metrics\": [{\"accessor\": 1, \"format\": {\"id\": \"number\", \"params\": {}}, \"type\": \"vis_dimension\"}]}, \"metric\": {\"colorSchema\": \"Green to Red\", \"colorsRange\": [{\"from\": 0, \"to\": 10000, \"type\": \"range\"}], \"invertColors\": false, \"labels\": {\"show\": true}, \"metricColorMode\": \"None\", \"percentageMode\": false, \"style\": {\"bgColor\": false, \"bgFill\": \"#000\", \"fontSize\": 32, \"labelColor\": false, \"subText\": \"\"}, \"useRanges\": false}, \"type\": \"metric\"}, \"title\": \"Total commands [Winlogbeat powershell]\", \"type\": \"metric\"}"
            },
            "id": "7f3e7710-9e94-11ea-af6f-cfdb1ee1d6c8",
            "migrationVersion": {
                "visualization": "7.4.2"
            },
            "references": [
                {
                    "id": "winlogbeat-*",
                    "name": "kibanaSavedObjectMeta.searchSourceJSON.index",
                    "type": "index-pattern"
                }
            ],
            "type": "visualization",
            "updated_at": "2020-05-26T12:55:23.284Z",
            "version": "Wzc2LDFd"
        },
        {
            "attributes": {
                "description": "",
                "kibanaSavedObjectMeta": {
                    "searchSourceJSON": "{\"filter\": [], \"indexRefName\": \"kibanaSavedObjectMeta.searchSourceJSON.index\", \"query\": {\"language\": \"kuery\", \"query\": \"winlog.provider_name : \\\"PowerShell\\\" or winlog.provider_name : \\\"Microsoft-Windows-PowerShell\\\" \"}}"
                },
                "title": "Total remote commands [Winlogbeat powershell]",
                "uiStateJSON": "{}",
                "version": 1,
                "visState": "{\"aggs\": [{\"enabled\": true, \"id\": \"1\", \"params\": {}, \"schema\": \"metric\", \"type\": \"count\"}, {\"enabled\": true, \"id\": \"2\", \"params\": {\"filters\": [{\"input\": {\"language\": \"kuery\", \"query\": \"process.title:\\\"ServerRemoteHost\\\" \"}, \"label\": \"Remote commands\"}]}, \"schema\": \"group\", \"type\": \"filters\"}], \"params\": {\"addLegend\": false, \"addTooltip\": true, \"dimensions\": {\"bucket\": {\"accessor\": 0, \"format\": {\"id\": \"string\", \"params\": {}}, \"type\": \"vis_dimension\"}, \"metrics\": [{\"accessor\": 1, \"format\": {\"id\": \"number\", \"params\": {}}, \"type\": \"vis_dimension\"}]}, \"metric\": {\"colorSchema\": \"Green to Red\", \"colorsRange\": [{\"from\": 0, \"to\": 10000, \"type\": \"range\"}], \"invertColors\": false, \"labels\": {\"show\": true}, \"metricColorMode\": \"None\", \"percentageMode\": false, \"style\": {\"bgColor\": false, \"bgFill\": \"#000\", \"fontSize\": 32, \"labelColor\": false, \"subText\": \"\"}, \"useRanges\": false}, \"type\": \"metric\"}, \"title\": \"Total remote commands [Winlogbeat powershell]\", \"type\": \"metric\"}"
            },
            "id": "78874900-9f30-11ea-bef1-95118e62a7c1",
            "migrationVersion": {
                "visualization": "7.4.2"
            },
            "references": [
                {
                    "id": "winlogbeat-*",
                    "name": "kibanaSavedObjectMeta.searchSourceJSON.index",
                    "type": "index-pattern"
                }
            ],
            "type": "visualization",
            "updated_at": "2020-05-26T12:55:23.284Z",
            "version": "Wzc3LDFd"
        },
        {
            "attributes": {
                "description": "",
                "kibanaSavedObjectMeta": {
                    "searchSourceJSON": "{\"filter\": [], \"indexRefName\": \"kibanaSavedObjectMeta.searchSourceJSON.index\", \"query\": {\"language\": \"kuery\", \"query\": \"winlog.provider_name : \\\"PowerShell\\\" or winlog.provider_name : \\\"Microsoft-Windows-PowerShell\\\" \"}}"
                },
                "title": "Unique users [Winlogbeat powershell]",
                "uiStateJSON": "{}",
                "version": 1,
                "visState": "{\"aggs\": [{\"enabled\": true, \"id\": \"1\", \"params\": {\"customLabel\": \"Unique users\", \"field\": \"related.user\"}, \"schema\": \"metric\", \"type\": \"cardinality\"}], \"params\": {\"addLegend\": false, \"addTooltip\": true, \"dimensions\": {\"metrics\": [{\"accessor\": 0, \"format\": {\"id\": \"number\", \"params\": {}}, \"type\": \"vis_dimension\"}]}, \"metric\": {\"colorSchema\": \"Green to Red\", \"colorsRange\": [{\"from\": 0, \"to\": 10000, \"type\": \"range\"}], \"invertColors\": false, \"labels\": {\"show\": true}, \"metricColorMode\": \"None\", \"percentageMode\": false, \"style\": {\"bgColor\": false, \"bgFill\": \"#000\", \"fontSize\": 32, \"labelColor\": false, \"subText\": \"\"}, \"useRanges\": false}, \"type\": \"metric\"}, \"title\": \"Unique users [Winlogbeat powershell]\", \"type\": \"metric\"}"
            },
            "id": "e64ff750-9f28-11ea-bef1-95118e62a7c1",
            "migrationVersion": {
                "visualization": "7.4.2"
            },
            "references": [
                {
                    "id": "winlogbeat-*",
                    "name": "kibanaSavedObjectMeta.searchSourceJSON.index",
                    "type": "index-pattern"
                }
            ],
            "type": "visualization",
            "updated_at": "2020-05-26T12:55:23.284Z",
            "version": "Wzc4LDFd"
        },
        {
            "attributes": {
                "description": "",
                "kibanaSavedObjectMeta": {
                    "searchSourceJSON": "{\"filter\": [], \"indexRefName\": \"kibanaSavedObjectMeta.searchSourceJSON.index\", \"query\": {\"language\": \"kuery\", \"query\": \"winlog.provider_name : \\\"PowerShell\\\" or winlog.provider_name : \\\"Microsoft-Windows-PowerShell\\\" \"}}"
                },
                "title": "Unique engine versions [Winlogbeat powershell]",
                "uiStateJSON": "{}",
                "version": 1,
                "visState": "{\"aggs\": [{\"enabled\": true, \"id\": \"1\", \"params\": {\"customLabel\": \"Unique versions\", \"field\": \"powershell.engine.version\"}, \"schema\": \"metric\", \"type\": \"cardinality\"}], \"params\": {\"addLegend\": false, \"addTooltip\": true, \"dimensions\": {\"metrics\": [{\"accessor\": 0, \"format\": {\"id\": \"number\", \"params\": {}}, \"type\": \"vis_dimension\"}]}, \"metric\": {\"colorSchema\": \"Green to Red\", \"colorsRange\": [{\"from\": 0, \"to\": 10000, \"type\": \"range\"}], \"invertColors\": false, \"labels\": {\"show\": true}, \"metricColorMode\": \"None\", \"percentageMode\": false, \"style\": {\"bgColor\": false, \"bgFill\": \"#000\", \"fontSize\": 32, \"labelColor\": false, \"subText\": \"\"}, \"useRanges\": false}, \"type\": \"metric\"}, \"title\": \"Unique engine versions [Winlogbeat powershell]\", \"type\": \"metric\"}"
            },
            "id": "2dbabdf0-9f29-11ea-bef1-95118e62a7c1",
            "migrationVersion": {
                "visualization": "7.4.2"
            },
            "references": [
                {
                    "id": "winlogbeat-*",
                    "name": "kibanaSavedObjectMeta.searchSourceJSON.index",
                    "type": "index-pattern"
                }
            ],
            "type": "visualization",
            "updated_at": "2020-05-26T12:55:23.284Z",
            "version": "Wzc5LDFd"
        },
        {
            "attributes": {
                "description": "",
                "kibanaSavedObjectMeta": {
                    "searchSourceJSON": "{\"filter\": [], \"indexRefName\": \"kibanaSavedObjectMeta.searchSourceJSON.index\", \"query\": {\"language\": \"kuery\", \"query\": \"winlog.provider_name : \\\"PowerShell\\\" or winlog.provider_name : \\\"Microsoft-Windows-PowerShell\\\" \"}}"
                },
                "title": "Unique hosts [Winlogbeat powershell]",
                "uiStateJSON": "{}",
                "version": 1,
                "visState": "{\"aggs\": [{\"enabled\": true, \"id\": \"1\", \"params\": {\"customLabel\": \"Unique hosts\", \"field\": \"host.name\"}, \"schema\": \"metric\", \"type\": \"cardinality\"}], \"params\": {\"addLegend\": false, \"addTooltip\": true, \"dimensions\": {\"metrics\": [{\"accessor\": 0, \"format\": {\"id\": \"number\", \"params\": {}}, \"type\": \"vis_dimension\"}]}, \"metric\": {\"colorSchema\": \"Green to Red\", \"colorsRange\": [{\"from\": 0, \"to\": 10000, \"type\": \"range\"}], \"invertColors\": false, \"labels\": {\"show\": true}, \"metricColorMode\": \"None\", \"percentageMode\": false, \"style\": {\"bgColor\": false, \"bgFill\": \"#000\", \"fontSize\": 32, \"labelColor\": false, \"subText\": \"\"}, \"useRanges\": false}, \"type\": \"metric\"}, \"title\": \"Unique hosts [Winlogbeat powershell]\", \"type\": \"metric\"}"
            },
            "id": "92a2a6b0-9f29-11ea-bef1-95118e62a7c1",
            "migrationVersion": {
                "visualization": "7.4.2"
            },
            "references": [
                {
                    "id": "winlogbeat-*",
                    "name": "kibanaSavedObjectMeta.searchSourceJSON.index",
                    "type": "index-pattern"
                }
            ],
            "type": "visualization",
            "updated_at": "2020-05-26T12:55:23.284Z",
            "version": "WzgwLDFd"
        },
        {
            "attributes": {
                "description": "",
                "kibanaSavedObjectMeta": {
                    "searchSourceJSON": "{\"filter\": [], \"indexRefName\": \"kibanaSavedObjectMeta.searchSourceJSON.index\", \"query\": {\"language\": \"kuery\", \"query\": \"winlog.provider_name : \\\"PowerShell\\\" or winlog.provider_name : \\\"Microsoft-Windows-PowerShell\\\" \"}}"
                },
                "title": "Engine versions ran by host [Winlogbeat powershell]",
                "uiStateJSON": "{\"vis\": {\"params\": {\"sort\": {\"columnIndex\": null, \"direction\": null}}}}",
                "version": 1,
                "visState": "{\"aggs\": [{\"enabled\": true, \"id\": \"2\", \"params\": {\"customLabel\": \"Host\", \"field\": \"host.name\", \"missingBucket\": false, \"missingBucketLabel\": \"Missing\", \"order\": \"desc\", \"orderBy\": \"3\", \"otherBucket\": false, \"otherBucketLabel\": \"Other\", \"size\": 5}, \"schema\": \"bucket\", \"type\": \"terms\"}, {\"enabled\": true, \"id\": \"3\", \"params\": {\"customLabel\": \"Version count\", \"field\": \"powershell.engine.version\"}, \"schema\": \"metric\", \"type\": \"cardinality\"}], \"params\": {\"dimensions\": {\"buckets\": [{\"accessor\": 0, \"aggType\": \"terms\", \"format\": {\"id\": \"terms\", \"params\": {\"id\": \"string\", \"missingBucketLabel\": \"Missing\", \"otherBucketLabel\": \"Other\", \"parsedUrl\": {\"basePath\": \"\", \"origin\": \"http://192.168.1.48:5601\", \"pathname\": \"/app/kibana\"}}}, \"label\": \"Host\", \"params\": {}}], \"metrics\": [{\"accessor\": 1, \"aggType\": \"count\", \"format\": {\"id\": \"number\"}, \"label\": \"Count\", \"params\": {}}, {\"accessor\": 2, \"aggType\": \"cardinality\", \"format\": {\"id\": \"number\"}, \"label\": \"Version count\", \"params\": {}}]}, \"perPage\": 10, \"percentageCol\": \"\", \"showMetricsAtAllLevels\": false, \"showPartialRows\": false, \"showTotal\": false, \"sort\": {\"columnIndex\": null, \"direction\": null}, \"totalFunc\": \"sum\"}, \"title\": \"Engine versions ran by host [Winlogbeat powershell]\", \"type\": \"table\"}"
            },
            "id": "e20b3940-9e9a-11ea-af6f-cfdb1ee1d6c8",
            "migrationVersion": {
                "visualization": "7.4.2"
            },
            "references": [
                {
                    "id": "winlogbeat-*",
                    "name": "kibanaSavedObjectMeta.searchSourceJSON.index",
                    "type": "index-pattern"
                }
            ],
            "type": "visualization",
            "updated_at": "2020-05-26T12:55:23.284Z",
            "version": "WzgxLDFd"
        },
        {
            "attributes": {
                "description": "",
                "kibanaSavedObjectMeta": {
                    "searchSourceJSON": "{\"filter\": [], \"indexRefName\": \"kibanaSavedObjectMeta.searchSourceJSON.index\", \"query\": {\"language\": \"kuery\", \"query\": \"winlog.provider_name : \\\"PowerShell\\\" or winlog.provider_name : \\\"Microsoft-Windows-PowerShell\\\" \"}}"
                },
                "title": "Engine versions [Winlogbeat powershell]",
                "uiStateJSON": "{}",
                "version": 1,
                "visState": "{\"aggs\": [{\"enabled\": true, \"id\": \"1\", \"params\": {}, \"schema\": \"metric\", \"type\": \"count\"}, {\"enabled\": true, \"id\": \"2\", \"params\": {\"customLabel\": \"Engine version\", \"field\": \"powershell.engine.version\", \"missingBucket\": false, \"missingBucketLabel\": \"Missing\", \"order\": \"desc\", \"orderBy\": \"1\", \"otherBucket\": false, \"otherBucketLabel\": \"Other\", \"size\": 5}, \"schema\": \"segment\", \"type\": \"terms\"}], \"params\": {\"addLegend\": true, \"addTooltip\": true, \"dimensions\": {\"metric\": {\"accessor\": 0, \"aggType\": \"count\", \"format\": {\"id\": \"number\"}, \"label\": \"Count\", \"params\": {}}}, \"isDonut\": false, \"labels\": {\"last_level\": false, \"show\": false, \"truncate\": 100, \"values\": false}, \"legendPosition\": \"right\", \"type\": \"pie\"}, \"title\": \"Engine versions [Winlogbeat powershell]\", \"type\": \"pie\"}"
            },
            "id": "1eeaaf70-9f23-11ea-bef1-95118e62a7c1",
            "migrationVersion": {
                "visualization": "7.4.2"
            },
            "references": [
                {
                    "id": "winlogbeat-*",
                    "name": "kibanaSavedObjectMeta.searchSourceJSON.index",
                    "type": "index-pattern"
                }
            ],
            "type": "visualization",
            "updated_at": "2020-05-26T12:55:23.284Z",
            "version": "WzgyLDFd"
        },
        {
            "attributes": {
                "description": "",
                "kibanaSavedObjectMeta": {
                    "searchSourceJSON": "{\"filter\": [], \"indexRefName\": \"kibanaSavedObjectMeta.searchSourceJSON.index\", \"query\": {\"language\": \"kuery\", \"query\": \"winlog.provider_name : \\\"PowerShell\\\" or winlog.provider_name : \\\"Microsoft-Windows-PowerShell\\\" \"}}"
                },
                "title": "Host processes [Winlogbeat powershell]",
                "uiStateJSON": "{}",
                "version": 1,
                "visState": "{\"aggs\": [{\"enabled\": true, \"id\": \"1\", \"params\": {}, \"schema\": \"metric\", \"type\": \"count\"}, {\"enabled\": true, \"id\": \"2\", \"params\": {\"field\": \"process.title\", \"missingBucket\": false, \"missingBucketLabel\": \"Missing\", \"order\": \"desc\", \"orderBy\": \"1\", \"otherBucket\": false, \"otherBucketLabel\": \"Other\", \"size\": 5}, \"schema\": \"segment\", \"type\": \"terms\"}], \"params\": {\"addLegend\": true, \"addTooltip\": true, \"dimensions\": {\"buckets\": [{\"accessor\": 0, \"aggType\": \"terms\", \"format\": {\"id\": \"terms\", \"params\": {\"id\": \"string\", \"missingBucketLabel\": \"Missing\", \"otherBucketLabel\": \"Other\", \"parsedUrl\": {\"basePath\": \"\", \"origin\": \"http://192.168.1.48:5601\", \"pathname\": \"/app/kibana\"}}}, \"label\": \"process.title: Descending\", \"params\": {}}], \"metric\": {\"accessor\": 1, \"aggType\": \"count\", \"format\": {\"id\": \"number\"}, \"label\": \"Count\", \"params\": {}}}, \"isDonut\": false, \"labels\": {\"last_level\": false, \"show\": false, \"truncate\": 100, \"values\": false}, \"legendPosition\": \"right\", \"type\": \"pie\"}, \"title\": \"Host processes [Winlogbeat powershell]\", \"type\": \"pie\"}"
            },
            "id": "f9fa55f0-9f34-11ea-bef1-95118e62a7c1",
            "migrationVersion": {
                "visualization": "7.4.2"
            },
            "references": [
                {
                    "id": "winlogbeat-*",
                    "name": "kibanaSavedObjectMeta.searchSourceJSON.index",
                    "type": "index-pattern"
                }
            ],
            "type": "visualization",
            "updated_at": "2020-05-26T12:55:23.284Z",
            "version": "WzgzLDFd"
        },
        {
            "attributes": {
                "description": "",
                "kibanaSavedObjectMeta": {
                    "searchSourceJSON": "{\"filter\": [], \"indexRefName\": \"kibanaSavedObjectMeta.searchSourceJSON.index\", \"query\": {\"language\": \"kuery\", \"query\": \"winlog.provider_name : \\\"PowerShell\\\" or winlog.provider_name : \\\"Microsoft-Windows-PowerShell\\\" \"}}"
                },
                "title": "Users [Winlogbeat powershell]",
                "uiStateJSON": "{\"vis\": {\"params\": {\"sort\": {\"columnIndex\": null, \"direction\": null}}}}",
                "version": 1,
                "visState": "{\"aggs\": [{\"enabled\": true, \"id\": \"1\", \"params\": {}, \"schema\": \"metric\", \"type\": \"count\"}, {\"enabled\": true, \"id\": \"3\", \"params\": {\"customLabel\": \"User\", \"field\": \"user.name\", \"missingBucket\": false, \"missingBucketLabel\": \"Missing\", \"order\": \"desc\", \"orderBy\": \"1\", \"otherBucket\": false, \"otherBucketLabel\": \"Other\", \"size\": 5}, \"schema\": \"bucket\", \"type\": \"terms\"}, {\"enabled\": true, \"id\": \"4\", \"params\": {\"customLabel\": \"Host count\", \"field\": \"host.name\"}, \"schema\": \"metric\", \"type\": \"cardinality\"}], \"params\": {\"dimensions\": {\"buckets\": [{\"accessor\": 0, \"aggType\": \"terms\", \"format\": {\"id\": \"terms\", \"params\": {\"id\": \"string\", \"missingBucketLabel\": \"Missing\", \"otherBucketLabel\": \"Other\", \"parsedUrl\": {\"basePath\": \"\", \"origin\": \"http://192.168.1.48:5601\", \"pathname\": \"/app/kibana\"}}}, \"label\": \"User\", \"params\": {}}], \"metrics\": [{\"accessor\": 1, \"aggType\": \"count\", \"format\": {\"id\": \"number\"}, \"label\": \"Count\", \"params\": {}}, {\"accessor\": 2, \"aggType\": \"cardinality\", \"format\": {\"id\": \"number\"}, \"label\": \"Unique count of host.name\", \"params\": {}}]}, \"perPage\": 10, \"percentageCol\": \"\", \"showMetricsAtAllLevels\": false, \"showPartialRows\": false, \"showTotal\": false, \"sort\": {\"columnIndex\": null, \"direction\": null}, \"totalFunc\": \"sum\"}, \"title\": \"Users [Winlogbeat powershell]\", \"type\": \"table\"}"
            },
            "id": "3e55daa0-9e8e-11ea-af6f-cfdb1ee1d6c8",
            "migrationVersion": {
                "visualization": "7.4.2"
            },
            "references": [
                {
                    "id": "winlogbeat-*",
                    "name": "kibanaSavedObjectMeta.searchSourceJSON.index",
                    "type": "index-pattern"
                }
            ],
            "type": "visualization",
            "updated_at": "2020-05-26T12:55:23.284Z",
            "version": "Wzg0LDFd"
        },
        {
            "attributes": {
                "description": "",
                "kibanaSavedObjectMeta": {
                    "searchSourceJSON": "{\"filter\": [], \"indexRefName\": \"kibanaSavedObjectMeta.searchSourceJSON.index\", \"query\": {\"language\": \"kuery\", \"query\": \"winlog.provider_name : \\\"PowerShell\\\" or winlog.provider_name : \\\"Microsoft-Windows-PowerShell\\\" \"}}"
                },
                "title": "Event type [Winlogbeat powershell]",
                "uiStateJSON": "{}",
                "version": 1,
                "visState": "{\"aggs\": [{\"enabled\": true, \"id\": \"1\", \"params\": {}, \"schema\": \"metric\", \"type\": \"count\"}, {\"enabled\": true, \"id\": \"2\", \"params\": {\"customLabel\": \"Event type\", \"field\": \"event.code\", \"missingBucket\": false, \"missingBucketLabel\": \"Missing\", \"order\": \"desc\", \"orderBy\": \"1\", \"otherBucket\": false, \"otherBucketLabel\": \"Other\", \"size\": 10}, \"schema\": \"segment\", \"type\": \"terms\"}], \"params\": {\"addLegend\": true, \"addTooltip\": true, \"dimensions\": {\"buckets\": [{\"accessor\": 0, \"aggType\": \"terms\", \"format\": {\"id\": \"terms\", \"params\": {\"id\": \"string\", \"missingBucketLabel\": \"Missing\", \"otherBucketLabel\": \"Other\", \"parsedUrl\": {\"basePath\": \"\", \"origin\": \"http://192.168.1.48:5601\", \"pathname\": \"/app/kibana\"}}}, \"label\": \"event.code: Descending\", \"params\": {}}], \"metric\": {\"accessor\": 1, \"aggType\": \"count\", \"format\": {\"id\": \"number\"}, \"label\": \"Count\", \"params\": {}}}, \"isDonut\": false, \"labels\": {\"last_level\": false, \"show\": false, \"truncate\": 100, \"values\": false}, \"legendPosition\": \"right\", \"type\": \"pie\"}, \"title\": \"Event type [Winlogbeat powershell]\", \"type\": \"pie\"}"
            },
            "id": "d27dea70-9f32-11ea-bef1-95118e62a7c1",
            "migrationVersion": {
                "visualization": "7.4.2"
            },
            "references": [
                {
                    "id": "winlogbeat-*",
                    "name": "kibanaSavedObjectMeta.searchSourceJSON.index",
                    "type": "index-pattern"
                }
            ],
            "type": "visualization",
            "updated_at": "2020-05-26T12:55:23.284Z",
            "version": "Wzg1LDFd"
        },
        {
            "attributes": {
                "description": "",
                "kibanaSavedObjectMeta": {
                    "searchSourceJSON": "{\"filter\": [], \"indexRefName\": \"kibanaSavedObjectMeta.searchSourceJSON.index\", \"query\": {\"language\": \"kuery\", \"query\": \"winlog.provider_name : \\\"PowerShell\\\" or winlog.provider_name : \\\"Microsoft-Windows-PowerShell\\\" \"}}"
                },
                "title": "Event Levels [Winlogbeat powershell]",
                "uiStateJSON": "{}",
                "version": 1,
                "visState": "{\"aggs\": [{\"enabled\": true, \"id\": \"1\", \"params\": {}, \"schema\": \"metric\", \"type\": \"count\"}, {\"enabled\": true, \"id\": \"2\", \"params\": {\"field\": \"log.level\", \"missingBucket\": false, \"missingBucketLabel\": \"Missing\", \"order\": \"desc\", \"orderBy\": \"1\", \"otherBucket\": false, \"otherBucketLabel\": \"Other\", \"size\": 5}, \"schema\": \"segment\", \"type\": \"terms\"}], \"params\": {\"addLegend\": true, \"addTooltip\": true, \"dimensions\": {\"buckets\": [{\"accessor\": 0, \"aggType\": \"terms\", \"format\": {\"id\": \"terms\", \"params\": {\"id\": \"string\", \"missingBucketLabel\": \"Missing\", \"otherBucketLabel\": \"Other\", \"parsedUrl\": {\"basePath\": \"\", \"origin\": \"http://192.168.1.48:5601\", \"pathname\": \"/app/kibana\"}}}, \"label\": \"log.level: Descending\", \"params\": {}}], \"metric\": {\"accessor\": 1, \"aggType\": \"count\", \"format\": {\"id\": \"number\"}, \"label\": \"Count\", \"params\": {}}}, \"isDonut\": false, \"labels\": {\"last_level\": false, \"show\": false, \"truncate\": 100, \"values\": false}, \"legendPosition\": \"right\", \"type\": \"pie\"}, \"title\": \"Event Levels [Winlogbeat powershell]\", \"type\": \"pie\"}"
            },
            "id": "fbb025e0-9e7c-11ea-af6f-cfdb1ee1d6c8",
            "migrationVersion": {
                "visualization": "7.4.2"
            },
            "references": [
                {
                    "id": "winlogbeat-*",
                    "name": "kibanaSavedObjectMeta.searchSourceJSON.index",
                    "type": "index-pattern"
                }
            ],
            "type": "visualization",
            "updated_at": "2020-05-26T12:55:23.284Z",
            "version": "Wzg2LDFd"
        },
        {
            "attributes": {
                "description": "",
                "kibanaSavedObjectMeta": {
                    "searchSourceJSON": "{\"filter\": [], \"indexRefName\": \"kibanaSavedObjectMeta.searchSourceJSON.index\", \"query\": {\"language\": \"kuery\", \"query\": \"winlog.provider_name : \\\"PowerShell\\\" or winlog.provider_name : \\\"Microsoft-Windows-PowerShell\\\" \"}}"
                },
                "title": "Engine and Command started[Winlogbeat powershell]",
                "uiStateJSON": "{\"vis\": {\"colors\": {\"*\": \"#EAB839\", \"Engine stopped\": \"#BF1B00\"}}}",
                "version": 1,
                "visState": "{\"aggs\": [{\"enabled\": true, \"id\": \"1\", \"params\": {}, \"schema\": \"metric\", \"type\": \"count\"}, {\"enabled\": true, \"id\": \"2\", \"params\": {\"drop_partials\": false, \"extended_bounds\": {}, \"field\": \"@timestamp\", \"interval\": \"auto\", \"min_doc_count\": 1, \"scaleMetricValues\": false, \"timeRange\": {\"from\": \"now-1d\", \"to\": \"now\"}, \"useNormalizedEsInterval\": true}, \"schema\": \"segment\", \"type\": \"date_histogram\"}, {\"enabled\": true, \"id\": \"4\", \"params\": {\"filters\": [{\"input\": {\"language\": \"kuery\", \"query\": \"event.code: \\\"400\\\" \"}, \"label\": \"Engine started\"}, {\"input\": {\"language\": \"kuery\", \"query\": \"event.code: \\\"4105\\\"  \"}, \"label\": \"Command started\"}]}, \"schema\": \"group\", \"type\": \"filters\"}], \"params\": {\"addLegend\": true, \"addTimeMarker\": false, \"addTooltip\": true, \"categoryAxes\": [{\"id\": \"CategoryAxis-1\", \"labels\": {\"filter\": true, \"show\": true, \"truncate\": 100}, \"position\": \"bottom\", \"scale\": {\"type\": \"linear\"}, \"show\": true, \"style\": {}, \"title\": {}, \"type\": \"category\"}], \"dimensions\": {\"series\": [{\"accessor\": 1, \"aggType\": \"filters\", \"format\": {}, \"label\": \"filters\", \"params\": {}}], \"x\": {\"accessor\": 0, \"aggType\": \"date_histogram\", \"format\": {\"id\": \"date\", \"params\": {\"pattern\": \"HH:mm\"}}, \"label\": \"@timestamp per 30 minutes\", \"params\": {\"bounds\": {\"max\": \"2020-05-26T09:14:29.996Z\", \"min\": \"2020-05-25T09:14:29.996Z\"}, \"date\": true, \"format\": \"HH:mm\", \"interval\": \"PT30M\", \"intervalESUnit\": \"m\", \"intervalESValue\": 30}}, \"y\": [{\"accessor\": 2, \"aggType\": \"count\", \"format\": {\"id\": \"number\"}, \"label\": \"Count\", \"params\": {}}]}, \"grid\": {\"categoryLines\": false}, \"labels\": {}, \"legendPosition\": \"right\", \"seriesParams\": [{\"data\": {\"id\": \"1\", \"label\": \"Count\"}, \"drawLinesBetweenPoints\": true, \"interpolate\": \"linear\", \"lineWidth\": 2, \"mode\": \"normal\", \"show\": true, \"showCircles\": true, \"type\": \"line\", \"valueAxis\": \"ValueAxis-1\"}], \"thresholdLine\": {\"color\": \"#E7664C\", \"show\": false, \"style\": \"full\", \"value\": 10, \"width\": 1}, \"times\": [], \"type\": \"line\", \"valueAxes\": [{\"id\": \"ValueAxis-1\", \"labels\": {\"filter\": true, \"rotate\": 0, \"show\": true, \"truncate\": 100}, \"name\": \"LeftAxis-1\", \"position\": \"left\", \"scale\": {\"defaultYExtents\": false, \"mode\": \"normal\", \"setYExtents\": false, \"type\": \"log\"}, \"show\": true, \"style\": {}, \"title\": {\"text\": \"Count\"}, \"type\": \"value\"}]}, \"title\": \"Engine and Command started[Winlogbeat powershell]\", \"type\": \"line\"}"
            },
            "id": "7adbce50-9e96-11ea-af6f-cfdb1ee1d6c8",
            "migrationVersion": {
                "visualization": "7.4.2"
            },
            "references": [
                {
                    "id": "winlogbeat-*",
                    "name": "kibanaSavedObjectMeta.searchSourceJSON.index",
                    "type": "index-pattern"
                }
            ],
            "type": "visualization",
            "updated_at": "2020-05-26T12:55:23.284Z",
            "version": "Wzg3LDFd"
        },
        {
            "attributes": {
                "description": "",
                "kibanaSavedObjectMeta": {
                    "searchSourceJSON": "{\"filter\": [], \"indexRefName\": \"kibanaSavedObjectMeta.searchSourceJSON.index\", \"query\": {\"language\": \"kuery\", \"query\": \"winlog.provider_name : \\\"PowerShell\\\" or winlog.provider_name : \\\"Microsoft-Windows-PowerShell\\\" \"}}"
                },
                "title": "Top active hosts [Winlogbeat powershell]",
                "uiStateJSON": "{\"vis\": {\"params\": {\"sort\": {\"columnIndex\": null, \"direction\": null}}}}",
                "version": 1,
                "visState": "{\"aggs\": [{\"enabled\": true, \"id\": \"1\", \"params\": {}, \"schema\": \"metric\", \"type\": \"count\"}, {\"enabled\": true, \"id\": \"2\", \"params\": {\"field\": \"host.name\", \"missingBucket\": false, \"missingBucketLabel\": \"Missing\", \"order\": \"desc\", \"orderBy\": \"1\", \"otherBucket\": false, \"otherBucketLabel\": \"Other\", \"size\": 10}, \"schema\": \"bucket\", \"type\": \"terms\"}], \"params\": {\"dimensions\": {\"buckets\": [], \"metrics\": [{\"accessor\": 0, \"aggType\": \"count\", \"format\": {\"id\": \"number\"}, \"label\": \"Count\", \"params\": {}}]}, \"perPage\": 10, \"percentageCol\": \"\", \"showMetricsAtAllLevels\": false, \"showPartialRows\": false, \"showTotal\": false, \"sort\": {\"columnIndex\": null, \"direction\": null}, \"totalFunc\": \"sum\"}, \"title\": \"Top active hosts [Winlogbeat powershell]\", \"type\": \"table\"}"
            },
            "id": "70751050-9f33-11ea-bef1-95118e62a7c1",
            "migrationVersion": {
                "visualization": "7.4.2"
            },
            "references": [
                {
                    "id": "winlogbeat-*",
                    "name": "kibanaSavedObjectMeta.searchSourceJSON.index",
                    "type": "index-pattern"
                }
            ],
            "type": "visualization",
            "updated_at": "2020-05-26T12:55:23.284Z",
            "version": "Wzg4LDFd"
        },
        {
            "attributes": {
                "description": "",
                "kibanaSavedObjectMeta": {
                    "searchSourceJSON": "{\"filter\": [{\"$state\": {\"store\": \"appState\"}, \"meta\": {\"alias\": null, \"disabled\": false, \"indexRefName\": \"kibanaSavedObjectMeta.searchSourceJSON.filter[0].meta.index\", \"key\": \"powershell.command.invocation_details.type\", \"negate\": false, \"params\": {\"query\": \"CommandInvocation\"}, \"type\": \"phrase\"}, \"query\": {\"match_phrase\": {\"powershell.command.invocation_details.type\": \"CommandInvocation\"}}}], \"indexRefName\": \"kibanaSavedObjectMeta.searchSourceJSON.index\", \"query\": {\"language\": \"kuery\", \"query\": \"winlog.provider_name : \\\"PowerShell\\\" or winlog.provider_name : \\\"Microsoft-Windows-PowerShell\\\" \"}}"
                },
                "title": "Top Invoked Commands [Winlogbeat powershell]",
                "uiStateJSON": "{}",
                "version": 1,
                "visState": "{\"aggs\": [{\"enabled\": true, \"id\": \"1\", \"params\": {}, \"schema\": \"metric\", \"type\": \"count\"}, {\"enabled\": true, \"id\": \"2\", \"params\": {\"field\": \"powershell.command.name\", \"missingBucket\": false, \"missingBucketLabel\": \"Missing\", \"order\": \"desc\", \"orderBy\": \"1\", \"otherBucket\": false, \"otherBucketLabel\": \"Other\", \"size\": 10}, \"schema\": \"segment\", \"type\": \"terms\"}], \"params\": {\"addLegend\": true, \"addTooltip\": true, \"dimensions\": {\"buckets\": [{\"accessor\": 0, \"aggType\": \"terms\", \"format\": {\"id\": \"terms\", \"params\": {\"id\": \"string\", \"missingBucketLabel\": \"Missing\", \"otherBucketLabel\": \"Other\", \"parsedUrl\": {\"basePath\": \"\", \"origin\": \"http://192.168.1.48:5601\", \"pathname\": \"/app/kibana\"}}}, \"label\": \"powershell.command.invocation_details.related_command: Descending\", \"params\": {}}], \"metric\": {\"accessor\": 1, \"aggType\": \"count\", \"format\": {\"id\": \"number\"}, \"label\": \"Count\", \"params\": {}}}, \"isDonut\": false, \"labels\": {\"last_level\": false, \"show\": false, \"truncate\": 100, \"values\": true}, \"legendPosition\": \"right\", \"type\": \"pie\"}, \"title\": \"Top Invoked Commands [Winlogbeat powershell]\", \"type\": \"pie\"}"
            },
            "id": "b0c5d570-9e7c-11ea-af6f-cfdb1ee1d6c8",
            "migrationVersion": {
                "visualization": "7.4.2"
            },
            "references": [
                {
                    "id": "winlogbeat-*",
                    "name": "kibanaSavedObjectMeta.searchSourceJSON.index",
                    "type": "index-pattern"
                },
                {
                    "id": "winlogbeat-*",
                    "name": "kibanaSavedObjectMeta.searchSourceJSON.filter[0].meta.index",
                    "type": "index-pattern"
                }
            ],
            "type": "visualization",
            "updated_at": "2020-05-26T12:55:23.284Z",
            "version": "Wzg5LDFd"
        },
        {
            "attributes": {
                "description": "",
                "kibanaSavedObjectMeta": {
                    "searchSourceJSON": "{\"filter\": [], \"indexRefName\": \"kibanaSavedObjectMeta.searchSourceJSON.index\", \"query\": {\"language\": \"kuery\", \"query\": \"winlog.provider_name : \\\"PowerShell\\\" or winlog.provider_name : \\\"Microsoft-Windows-PowerShell\\\" \"}}"
                },
                "title": "Started providers [Winlogbeat powershell]",
                "uiStateJSON": "{}",
                "version": 1,
                "visState": "{\"aggs\": [{\"enabled\": true, \"id\": \"1\", \"params\": {}, \"schema\": \"metric\", \"type\": \"count\"}, {\"enabled\": true, \"id\": \"2\", \"params\": {\"field\": \"powershell.provider.name\", \"missingBucket\": false, \"missingBucketLabel\": \"Missing\", \"order\": \"desc\", \"orderBy\": \"1\", \"otherBucket\": false, \"otherBucketLabel\": \"Other\", \"size\": 10}, \"schema\": \"segment\", \"type\": \"terms\"}], \"params\": {\"addLegend\": true, \"addTooltip\": true, \"dimensions\": {\"buckets\": [{\"accessor\": 0, \"aggType\": \"terms\", \"format\": {\"id\": \"terms\", \"params\": {\"id\": \"string\", \"missingBucketLabel\": \"Missing\", \"otherBucketLabel\": \"Other\", \"parsedUrl\": {\"basePath\": \"\", \"origin\": \"http://192.168.1.48:5601\", \"pathname\": \"/app/kibana\"}}}, \"label\": \"powershell.provider.name: Descending\", \"params\": {}}], \"metric\": {\"accessor\": 1, \"aggType\": \"count\", \"format\": {\"id\": \"number\"}, \"label\": \"Count\", \"params\": {}}}, \"isDonut\": false, \"labels\": {\"last_level\": false, \"show\": false, \"truncate\": 100, \"values\": false}, \"legendPosition\": \"right\", \"type\": \"pie\"}, \"title\": \"Started providers [Winlogbeat powershell]\", \"type\": \"pie\"}"
            },
            "id": "c0945210-9e8b-11ea-af6f-cfdb1ee1d6c8",
            "migrationVersion": {
                "visualization": "7.4.2"
            },
            "references": [
                {
                    "id": "winlogbeat-*",
                    "name": "kibanaSavedObjectMeta.searchSourceJSON.index",
                    "type": "index-pattern"
                }
            ],
            "type": "visualization",
            "updated_at": "2020-05-26T12:55:23.284Z",
            "version": "WzkwLDFd"
        },
        {
            "attributes": {
                "columns": [
                    "event.code",
                    "powershell.engine.version",
                    "powershell.runspace_id",
                    "process.args",
                    "powershell.command.invocation_details",
                    "powershell.file.script_block_text"
                ],
                "description": "",
                "hits": 0,
                "kibanaSavedObjectMeta": {
                    "searchSourceJSON": "{\"filter\": [], \"highlightAll\": true, \"indexRefName\": \"kibanaSavedObjectMeta.searchSourceJSON.index\", \"query\": {\"language\": \"kuery\", \"query\": \"(winlog.provider_name : \\\"PowerShell\\\" or winlog.provider_name : \\\"Microsoft-Windows-PowerShell\\\" )\"}, \"version\": true}"
                },
                "sort": [
                    [
                        "@timestamp",
                        "desc"
                    ]
                ],
                "title": "Details [Winlogbeat powershell]",
                "version": 1
            },
            "id": "11a61760-9f27-11ea-bef1-95118e62a7c1",
            "migrationVersion": {
                "search": "7.4.0"
            },
            "references": [
                {
                    "id": "winlogbeat-*",
                    "name": "kibanaSavedObjectMeta.searchSourceJSON.index",
                    "type": "index-pattern"
                }
            ],
            "type": "search",
            "updated_at": "2020-05-26T12:55:23.284Z",
            "version": "WzkxLDFd"
        }
    ],
    "version": "7.6.0"
}