{
    "objects": [
        {
            "attributes": {
                "description": "Failed and blocked accounts with TSVB metrics.",
                "hits": 0,
                "kibanaSavedObjectMeta": {
                    "searchSourceJSON": "{\"filter\": [], \"query\": {\"language\": \"kuery\", \"query\": \"\"}}"
                },
                "optionsJSON": "{\"hidePanelTitles\": false, \"useMargins\": false}",
                "panelsJSON": "[{\"embeddableConfig\": {\"title\": \"\"}, \"gridData\": {\"h\": 7, \"i\": \"1\", \"w\": 14, \"x\": 0, \"y\": 0}, \"panelIndex\": \"1\", \"panelRefName\": \"panel_0\", \"version\": \"7.7.0\"}, {\"embeddableConfig\": {\"colors\": {\"Failed Logins\": \"#EF843C\", \"Failed Logons\": \"#E24D42\", \"Successful Login\": \"#B7DBAB\", \"Successful Logon\": \"#9AC48A\"}, \"legendOpen\": true, \"title\": \"Login Successful vs Failed\", \"vis\": {\"colors\": {\"Failed Logins\": \"#EF843C\", \"Failed Logons\": \"#BF1B00\", \"Successful Login\": \"#B7DBAB\", \"Successful Logon\": \"#9AC48A\"}, \"legendOpen\": true}}, \"gridData\": {\"h\": 18, \"i\": \"2\", \"w\": 12, \"x\": 0, \"y\": 7}, \"panelIndex\": \"2\", \"panelRefName\": \"panel_1\", \"title\": \"Login Successful vs Failed\", \"version\": \"7.7.0\"}, {\"embeddableConfig\": {\"title\": \"Blocked Acoounts\"}, \"gridData\": {\"h\": 21, \"i\": \"3\", \"w\": 11, \"x\": 12, \"y\": 35}, \"panelIndex\": \"3\", \"panelRefName\": \"panel_2\", \"title\": \"Blocked Acoounts\", \"version\": \"7.7.0\"}, {\"embeddableConfig\": {\"colors\": {\"Login Failed\": \"#F9934E\", \"Login OK\": \"#9AC48A\", \"Logon Failed\": \"#E24D42\", \"Logon Successful\": \"#9AC48A\"}, \"legendOpen\": true, \"title\": \"Logon Successful and Failed  Over time\", \"vis\": {\"colors\": {\"Login Failed\": \"#F9934E\", \"Login OK\": \"#9AC48A\", \"Logon Failed\": \"#BF1B00\", \"Logon Successful\": \"#9AC48A\"}, \"legendOpen\": true}}, \"gridData\": {\"h\": 18, \"i\": \"4\", \"w\": 23, \"x\": 12, \"y\": 7}, \"panelIndex\": \"4\", \"panelRefName\": \"panel_3\", \"title\": \"Logon Successful and Failed  Over time\", \"version\": \"7.7.0\"}, {\"embeddableConfig\": {}, \"gridData\": {\"h\": 21, \"i\": \"5\", \"w\": 12, \"x\": 0, \"y\": 35}, \"panelIndex\": \"5\", \"panelRefName\": \"panel_4\", \"version\": \"7.7.0\"}, {\"embeddableConfig\": {\"title\": \"Logon Failed  (Time Mosaic View)\", \"vis\": {\"defaultColors\": {\"0 - 5\": \"rgb(255,245,240)\", \"10 - 15\": \"rgb(252,138,106)\", \"15 - 20\": \"rgb(241,68,50)\", \"20 - 24\": \"rgb(188,20,26)\", \"5 - 10\": \"rgb(253,202,181)\"}, \"legendOpen\": false}}, \"gridData\": {\"h\": 30, \"i\": \"6\", \"w\": 48, \"x\": 0, \"y\": 56}, \"panelIndex\": \"6\", \"panelRefName\": \"panel_5\", \"title\": \"Logon Failed  (Time Mosaic View)\", \"version\": \"7.7.0\"}, {\"embeddableConfig\": {\"title\": \"Logon Failed and Account Lockouts\"}, \"gridData\": {\"h\": 20, \"i\": \"8\", \"w\": 48, \"x\": 0, \"y\": 86}, \"panelIndex\": \"8\", \"panelRefName\": \"panel_6\", \"title\": \"Logon Failed and Account Lockouts\", \"version\": \"7.7.0\"}, {\"embeddableConfig\": {\"title\": \"Logon Failed Source IPs\"}, \"gridData\": {\"h\": 18, \"i\": \"10\", \"w\": 13, \"x\": 35, \"y\": 7}, \"panelIndex\": \"10\", \"panelRefName\": \"panel_7\", \"title\": \"Logon Failed Source IPs\", \"version\": \"7.7.0\"}, {\"embeddableConfig\": {\"title\": \"Failed Logins Table\"}, \"gridData\": {\"h\": 31, \"i\": \"11\", \"w\": 25, \"x\": 23, \"y\": 25}, \"panelIndex\": \"11\", \"panelRefName\": \"panel_8\", \"title\": \"Failed Logins Table\", \"version\": \"7.7.0\"}, {\"embeddableConfig\": {\"title\": \"\"}, \"gridData\": {\"h\": 7, \"i\": \"628de26f-7b7b-457c-b811-e06161e4e7b4\", \"w\": 34, \"x\": 14, \"y\": 0}, \"panelIndex\": \"628de26f-7b7b-457c-b811-e06161e4e7b4\", \"panelRefName\": \"panel_9\", \"version\": \"7.7.0\"}, {\"embeddableConfig\": {\"title\": \"\"}, \"gridData\": {\"h\": 10, \"i\": \"01a624c2-7a86-4fa9-89d3-e2ae84e94ec9\", \"w\": 12, \"x\": 0, \"y\": 25}, \"panelIndex\": \"01a624c2-7a86-4fa9-89d3-e2ae84e94ec9\", \"panelRefName\": \"panel_10\", \"version\": \"7.7.0\"}, {\"embeddableConfig\": {\"title\": \"\"}, \"gridData\": {\"h\": 10, \"i\": \"e3046900-1ffc-4efa-9dab-613d685c617b\", \"w\": 11, \"x\": 12, \"y\": 25}, \"panelIndex\": \"e3046900-1ffc-4efa-9dab-613d685c617b\", \"panelRefName\": \"panel_11\", \"version\": \"7.7.0\"}]",
                "timeRestore": false,
                "title": "[Winlogbeat Security] Failed and Blocked Accounts",
                "version": 1
            },
            "id": "d401ef40-a7d5-11e9-a422-d144027429da",
            "migrationVersion": {
                "dashboard": "7.3.0"
            },
            "references": [
                {
                    "id": "c2ea73f0-a4bd-11e9-a422-d144027429da",
                    "name": "panel_0",
                    "type": "visualization"
                },
                {
                    "id": "175a5760-a7d5-11e9-a422-d144027429da",
                    "name": "panel_1",
                    "type": "visualization"
                },
                {
                    "id": "7a329a00-a7d5-11e9-a422-d144027429da",
                    "name": "panel_2",
                    "type": "visualization"
                },
                {
                    "id": "162d7ab0-a7d6-11e9-a422-d144027429da",
                    "name": "panel_3",
                    "type": "visualization"
                },
                {
                    "id": "729443b0-a7d6-11e9-a422-d144027429da",
                    "name": "panel_4",
                    "type": "visualization"
                },
                {
                    "id": "4b683ac0-a7d7-11e9-a422-d144027429da",
                    "name": "panel_5",
                    "type": "visualization"
                },
                {
                    "id": "757510b0-a87f-11e9-a422-d144027429da",
                    "name": "panel_6",
                    "type": "search"
                },
                {
                    "id": "2084e300-a884-11e9-a422-d144027429da",
                    "name": "panel_7",
                    "type": "visualization"
                },
                {
                    "id": "421f0610-af98-11e9-a422-d144027429da",
                    "name": "panel_8",
                    "type": "visualization"
                },
                {
                    "id": "a3c3f350-9b6d-11ea-87e4-49f31ec44891",
                    "name": "panel_9",
                    "type": "visualization"
                },
                {
                    "id": "8ef59f90-6ab8-11ea-896f-0d70f7ec3956",
                    "name": "panel_10",
                    "type": "visualization"
                },
                {
                    "id": "a79395f0-6aba-11ea-896f-0d70f7ec3956",
                    "name": "panel_11",
                    "type": "visualization"
                }
            ],
            "type": "dashboard",
            "updated_at": "2020-06-04T16:26:28.275Z",
            "version": "WzE1MSwxXQ=="
        },
        {
            "attributes": {
                "description": "",
                "kibanaSavedObjectMeta": {
                    "searchSourceJSON": "{\"filter\": [], \"query\": {\"language\": \"kuery\", \"query\": \"\"}}"
                },
                "title": "Failed Logon and Account Lockout [Winlogbeat Security]",
                "uiStateJSON": "{}",
                "version": 1,
                "visState": "{\"aggs\": [], \"params\": {\"fontSize\": 10, \"markdown\": \"### **Failed Logons and Account Lockouts**\", \"openLinksInNewTab\": false}, \"title\": \"Failed Logon and Account Lockout [Winlogbeat Security]\", \"type\": \"markdown\"}"
            },
            "id": "c2ea73f0-a4bd-11e9-a422-d144027429da",
            "migrationVersion": {
                "visualization": "7.7.0"
            },
            "references": [],
            "type": "visualization",
            "updated_at": "2020-06-04T16:26:29.252Z",
            "version": "WzE2NSwxXQ=="
        },
        {
            "attributes": {
                "description": "",
                "kibanaSavedObjectMeta": {
                    "searchSourceJSON": "{\"filter\": [{\"$state\": {\"store\": \"appState\"}, \"meta\": {\"alias\": null, \"disabled\": false, \"indexRefName\": \"kibanaSavedObjectMeta.searchSourceJSON.filter[0].meta.index\", \"key\": \"winlog.provider_name\", \"negate\": false, \"params\": {\"query\": \"Microsoft-Windows-Security-Auditing\"}, \"type\": \"phrase\"}, \"query\": {\"match_phrase\": {\"winlog.provider_name\": \"Microsoft-Windows-Security-Auditing\"}}}], \"indexRefName\": \"kibanaSavedObjectMeta.searchSourceJSON.index\", \"query\": {\"language\": \"kuery\", \"query\": \"\"}}"
                },
                "title": "Logon Successful vs Failed [Winlogbeat Security]",
                "uiStateJSON": "{\"vis\": {\"colors\": {\"Failed Logins\": \"#EF843C\", \"Failed Logons\": \"#EA6460\", \"Successful Login\": \"#B7DBAB\", \"Successful Logon\": \"#B7DBAB\"}}}",
                "version": 1,
                "visState": "{\"aggs\": [{\"enabled\": true, \"id\": \"1\", \"params\": {}, \"schema\": \"metric\", \"type\": \"count\"}, {\"enabled\": true, \"id\": \"2\", \"params\": {\"filters\": [{\"input\": {\"language\": \"lucene\", \"query\": \"event.code: 4624\"}, \"label\": \"Successful Logon\"}, {\"input\": {\"language\": \"lucene\", \"query\": \"event.code: 4625\"}, \"label\": \"Failed Logons\"}]}, \"schema\": \"segment\", \"type\": \"filters\"}], \"params\": {\"addLegend\": true, \"addTooltip\": true, \"dimensions\": {\"buckets\": [{\"accessor\": 0, \"aggType\": \"filters\", \"format\": {}, \"params\": {}}], \"metric\": {\"accessor\": 1, \"aggType\": \"count\", \"format\": {\"id\": \"number\"}, \"params\": {}}}, \"isDonut\": false, \"labels\": {\"last_level\": true, \"show\": false, \"truncate\": 100, \"values\": true}, \"legendPosition\": \"bottom\", \"type\": \"pie\"}, \"title\": \"Logon Successful vs Failed [Winlogbeat Security]\", \"type\": \"pie\"}"
            },
            "id": "175a5760-a7d5-11e9-a422-d144027429da",
            "migrationVersion": {
                "visualization": "7.7.0"
            },
            "references": [
                {
                    "id": "winlogbeat-*",
                    "name": "kibanaSavedObjectMeta.searchSourceJSON.index",
                    "type": "index-pattern"
                },
                {
                    "id": "winlogbeat-*",
                    "name": "kibanaSavedObjectMeta.searchSourceJSON.filter[0].meta.index",
                    "type": "index-pattern"
                }
            ],
            "type": "visualization",
            "updated_at": "2020-06-04T16:26:29.252Z",
            "version": "WzE2NiwxXQ=="
        },
        {
            "attributes": {
                "description": "",
                "kibanaSavedObjectMeta": {
                    "searchSourceJSON": "{\"filter\": [{\"$state\": {\"store\": \"appState\"}, \"meta\": {\"alias\": null, \"disabled\": false, \"indexRefName\": \"kibanaSavedObjectMeta.searchSourceJSON.filter[0].meta.index\", \"key\": \"event.code\", \"negate\": false, \"params\": {\"query\": \"4740\"}, \"type\": \"phrase\"}, \"query\": {\"match\": {\"event.code\": {\"query\": \"4740\", \"type\": \"phrase\"}}}}], \"indexRefName\": \"kibanaSavedObjectMeta.searchSourceJSON.index\", \"query\": {\"language\": \"kuery\", \"query\": \"\"}}"
                },
                "title": "Blocked Accounts Tag [Winlogbeat Security]",
                "uiStateJSON": "{}",
                "version": 1,
                "visState": "{\"aggs\": [{\"enabled\": true, \"id\": \"1\", \"params\": {}, \"schema\": \"metric\", \"type\": \"count\"}, {\"enabled\": true, \"id\": \"2\", \"params\": {\"field\": \"winlog.event_data.TargetUserName\", \"missingBucket\": false, \"missingBucketLabel\": \"Missing\", \"order\": \"desc\", \"orderBy\": \"1\", \"otherBucket\": false, \"otherBucketLabel\": \"Other\", \"size\": 20}, \"schema\": \"segment\", \"type\": \"terms\"}], \"params\": {\"bucket\": {\"accessor\": 0, \"format\": {\"id\": \"terms\", \"params\": {\"id\": \"string\", \"missingBucketLabel\": \"Missing\", \"otherBucketLabel\": \"Other\", \"parsedUrl\": {\"basePath\": \"/s/siem\", \"origin\": \"https://192.168.1.72:5601\", \"pathname\": \"/s/siem/app/kibana\"}}}, \"type\": \"vis_dimension\"}, \"maxFontSize\": 53, \"metric\": {\"accessor\": 1, \"format\": {\"id\": \"string\", \"params\": {}}, \"type\": \"vis_dimension\"}, \"minFontSize\": 18, \"orientation\": \"single\", \"scale\": \"linear\", \"showLabel\": false}, \"title\": \"Blocked Accounts Tag [Winlogbeat Security]\", \"type\": \"tagcloud\"}"
            },
            "id": "7a329a00-a7d5-11e9-a422-d144027429da",
            "migrationVersion": {
                "visualization": "7.7.0"
            },
            "references": [
                {
                    "id": "winlogbeat-*",
                    "name": "kibanaSavedObjectMeta.searchSourceJSON.index",
                    "type": "index-pattern"
                },
                {
                    "id": "winlogbeat-*",
                    "name": "kibanaSavedObjectMeta.searchSourceJSON.filter[0].meta.index",
                    "type": "index-pattern"
                }
            ],
            "type": "visualization",
            "updated_at": "2020-06-04T16:26:29.252Z",
            "version": "WzE2NywxXQ=="
        },
        {
            "attributes": {
                "description": "",
                "kibanaSavedObjectMeta": {
                    "searchSourceJSON": "{\"filter\": [{\"$state\": {\"store\": \"appState\"}, \"meta\": {\"alias\": null, \"disabled\": false, \"indexRefName\": \"kibanaSavedObjectMeta.searchSourceJSON.filter[0].meta.index\", \"key\": \"winlog.provider_name\", \"negate\": false, \"params\": {\"query\": \"Microsoft-Windows-Security-Auditing\"}, \"type\": \"phrase\"}, \"query\": {\"match_phrase\": {\"winlog.provider_name\": \"Microsoft-Windows-Security-Auditing\"}}}], \"indexRefName\": \"kibanaSavedObjectMeta.searchSourceJSON.index\", \"query\": {\"language\": \"kuery\", \"query\": \"\"}}"
                },
                "title": "Logon Successful - Logon Failed Timeline [Winlogbeat Security]",
                "uiStateJSON": "{\"vis\": {\"colors\": {\"Login Failed\": \"#F9934E\", \"Login OK\": \"#9AC48A\", \"Logon Failed\": \"#EF843C\", \"Logon Successful\": \"#9AC48A\"}}}",
                "version": 1,
                "visState": "{\"aggs\": [{\"enabled\": true, \"id\": \"1\", \"params\": {}, \"schema\": \"metric\", \"type\": \"count\"}, {\"enabled\": true, \"id\": \"2\", \"params\": {\"drop_partials\": false, \"extended_bounds\": {}, \"field\": \"@timestamp\", \"interval\": \"auto\", \"min_doc_count\": 1, \"scaleMetricValues\": false, \"timeRange\": {\"from\": \"2020-05-17T09:37:55.995Z\", \"to\": \"2020-05-22T03:09:27.260Z\"}, \"useNormalizedEsInterval\": true}, \"schema\": \"segment\", \"type\": \"date_histogram\"}, {\"enabled\": true, \"id\": \"3\", \"params\": {\"filters\": [{\"input\": {\"language\": \"lucene\", \"query\": \"event.code: 4624\"}, \"label\": \"Logon Successful\"}, {\"input\": {\"language\": \"lucene\", \"query\": \"event.code: 4625\"}, \"label\": \"Logon Failed\"}]}, \"schema\": \"group\", \"type\": \"filters\"}], \"params\": {\"addLegend\": true, \"addTimeMarker\": false, \"addTooltip\": true, \"categoryAxes\": [{\"id\": \"CategoryAxis-1\", \"labels\": {\"show\": true, \"truncate\": 100}, \"position\": \"bottom\", \"scale\": {\"type\": \"linear\"}, \"show\": true, \"style\": {}, \"title\": {}, \"type\": \"category\"}], \"dimensions\": {\"series\": [{\"accessor\": 1, \"aggType\": \"filters\", \"format\": {}, \"params\": {}}], \"x\": {\"accessor\": 0, \"aggType\": \"date_histogram\", \"format\": {\"id\": \"date\", \"params\": {\"pattern\": \"HH:mm\"}}, \"params\": {\"bounds\": {\"max\": \"2019-07-16T14:30:11.515Z\", \"min\": \"2019-07-16T12:30:11.514Z\"}, \"date\": true, \"format\": \"HH:mm\", \"interval\": \"PT1M\"}}, \"y\": [{\"accessor\": 2, \"aggType\": \"count\", \"format\": {\"id\": \"number\"}, \"params\": {}}]}, \"grid\": {\"categoryLines\": false}, \"labels\": {\"show\": false}, \"legendPosition\": \"bottom\", \"seriesParams\": [{\"data\": {\"id\": \"1\", \"label\": \"Count\"}, \"drawLinesBetweenPoints\": true, \"mode\": \"stacked\", \"show\": \"true\", \"showCircles\": true, \"type\": \"histogram\", \"valueAxis\": \"ValueAxis-1\"}], \"thresholdLine\": {\"color\": \"#E7664C\", \"show\": false, \"style\": \"full\", \"value\": 10, \"width\": 1}, \"times\": [], \"type\": \"histogram\", \"valueAxes\": [{\"id\": \"ValueAxis-1\", \"labels\": {\"filter\": false, \"rotate\": 0, \"show\": true, \"truncate\": 100}, \"name\": \"LeftAxis-1\", \"position\": \"left\", \"scale\": {\"mode\": \"normal\", \"type\": \"linear\"}, \"show\": true, \"style\": {}, \"title\": {\"text\": \"Count\"}, \"type\": \"value\"}]}, \"title\": \"Logon Successful - Logon Failed Timeline [Winlogbeat Security]\", \"type\": \"histogram\"}"
            },
            "id": "162d7ab0-a7d6-11e9-a422-d144027429da",
            "migrationVersion": {
                "visualization": "7.7.0"
            },
            "references": [
                {
                    "id": "winlogbeat-*",
                    "name": "kibanaSavedObjectMeta.searchSourceJSON.index",
                    "type": "index-pattern"
                },
                {
                    "id": "winlogbeat-*",
                    "name": "kibanaSavedObjectMeta.searchSourceJSON.filter[0].meta.index",
                    "type": "index-pattern"
                }
            ],
            "type": "visualization",
            "updated_at": "2020-06-04T16:26:29.252Z",
            "version": "WzE2OCwxXQ=="
        },
        {
            "attributes": {
                "description": "",
                "kibanaSavedObjectMeta": {
                    "searchSourceJSON": "{\"filter\": [{\"$state\": {\"store\": \"appState\"}, \"meta\": {\"alias\": null, \"disabled\": false, \"indexRefName\": \"kibanaSavedObjectMeta.searchSourceJSON.filter[0].meta.index\", \"key\": \"event.code\", \"negate\": false, \"params\": [\"4625\", \"4771\"], \"type\": \"phrases\", \"value\": \"4625, 4771\"}, \"query\": {\"bool\": {\"minimum_should_match\": 1, \"should\": [{\"match_phrase\": {\"event.code\": \"4625\"}}, {\"match_phrase\": {\"event.code\": \"4771\"}}]}}}], \"indexRefName\": \"kibanaSavedObjectMeta.searchSourceJSON.index\", \"query\": {\"language\": \"kuery\", \"query\": \"\"}}"
                },
                "title": "Logon Failed Acconts [Winlogbeat Security]",
                "uiStateJSON": "{}",
                "version": 1,
                "visState": "{\"aggs\": [{\"enabled\": true, \"id\": \"1\", \"params\": {}, \"schema\": \"metric\", \"type\": \"count\"}, {\"enabled\": true, \"id\": \"2\", \"params\": {\"field\": \"user.name\", \"missingBucket\": false, \"missingBucketLabel\": \"Missing\", \"order\": \"desc\", \"orderBy\": \"1\", \"otherBucket\": false, \"otherBucketLabel\": \"Other\", \"size\": 10}, \"schema\": \"segment\", \"type\": \"terms\"}], \"params\": {\"bucket\": {\"accessor\": 0, \"format\": {\"id\": \"terms\", \"params\": {\"id\": \"string\", \"missingBucketLabel\": \"Missing\", \"otherBucketLabel\": \"Other\", \"parsedUrl\": {\"basePath\": \"/s/siem\", \"origin\": \"https://192.168.1.72:5601\", \"pathname\": \"/s/siem/app/kibana\"}}}, \"type\": \"vis_dimension\"}, \"maxFontSize\": 37, \"metric\": {\"accessor\": 1, \"format\": {\"id\": \"string\", \"params\": {}}, \"type\": \"vis_dimension\"}, \"minFontSize\": 15, \"orientation\": \"single\", \"scale\": \"linear\", \"showLabel\": false}, \"title\": \"Logon Failed Acconts [Winlogbeat Security]\", \"type\": \"tagcloud\"}"
            },
            "id": "729443b0-a7d6-11e9-a422-d144027429da",
            "migrationVersion": {
                "visualization": "7.7.0"
            },
            "references": [
                {
                    "id": "winlogbeat-*",
                    "name": "kibanaSavedObjectMeta.searchSourceJSON.index",
                    "type": "index-pattern"
                },
                {
                    "id": "winlogbeat-*",
                    "name": "kibanaSavedObjectMeta.searchSourceJSON.filter[0].meta.index",
                    "type": "index-pattern"
                }
            ],
            "type": "visualization",
            "updated_at": "2020-06-04T16:26:29.252Z",
            "version": "WzE2OSwxXQ=="
        },
        {
            "attributes": {
                "description": "",
                "kibanaSavedObjectMeta": {
                    "searchSourceJSON": "{\"filter\": [{\"$state\": {\"store\": \"appState\"}, \"meta\": {\"alias\": null, \"disabled\": false, \"indexRefName\": \"kibanaSavedObjectMeta.searchSourceJSON.filter[0].meta.index\", \"key\": \"event.code\", \"negate\": false, \"params\": [\"4625\"], \"type\": \"phrases\", \"value\": \"4625\"}, \"query\": {\"bool\": {\"minimum_should_match\": 1, \"should\": [{\"match_phrase\": {\"event.code\": \"4625\"}}]}}}, {\"$state\": {\"store\": \"appState\"}, \"meta\": {\"alias\": null, \"disabled\": false, \"indexRefName\": \"kibanaSavedObjectMeta.searchSourceJSON.filter[1].meta.index\", \"key\": \"winlog.provider_name\", \"negate\": false, \"params\": {\"query\": \"Microsoft-Windows-Security-Auditing\"}, \"type\": \"phrase\"}, \"query\": {\"match_phrase\": {\"winlog.provider_name\": \"Microsoft-Windows-Security-Auditing\"}}}], \"indexRefName\": \"kibanaSavedObjectMeta.searchSourceJSON.index\", \"query\": {\"language\": \"kuery\", \"query\": \"\"}}"
                },
                "title": "Failed Logon HeatMap [Winlogbeat Security]",
                "uiStateJSON": "{\"vis\": {\"defaultColors\": {\"0 - 4\": \"rgb(255,255,204)\", \"12 - 16\": \"rgb(252,91,46)\", \"16 - 20\": \"rgb(212,16,32)\", \"4 - 8\": \"rgb(254,225,135)\", \"8 - 12\": \"rgb(254,171,73)\"}}}",
                "version": 1,
                "visState": "{\"aggs\": [{\"enabled\": true, \"id\": \"1\", \"params\": {}, \"schema\": \"metric\", \"type\": \"count\"}, {\"enabled\": true, \"id\": \"2\", \"params\": {\"field\": \"user.name\", \"missingBucket\": false, \"missingBucketLabel\": \"Missing\", \"order\": \"desc\", \"orderBy\": \"1\", \"otherBucket\": false, \"otherBucketLabel\": \"Other\", \"size\": 15}, \"schema\": \"segment\", \"type\": \"terms\"}, {\"enabled\": true, \"id\": \"3\", \"params\": {\"drop_partials\": true, \"extended_bounds\": {}, \"field\": \"@timestamp\", \"interval\": \"h\", \"min_doc_count\": 1, \"scaleMetricValues\": false, \"timeRange\": {\"from\": \"2020-05-17T09:37:55.995Z\", \"to\": \"2020-05-22T03:09:27.260Z\"}, \"useNormalizedEsInterval\": true}, \"schema\": \"group\", \"type\": \"date_histogram\"}], \"params\": {\"addLegend\": true, \"addTooltip\": false, \"colorSchema\": \"Yellow to Red\", \"colorsNumber\": 5, \"colorsRange\": [], \"dimensions\": {\"series\": [{\"accessor\": 1, \"aggType\": \"date_histogram\", \"format\": {\"id\": \"date\", \"params\": {\"pattern\": \"YYYY-MM-DD HH:mm\"}}, \"label\": \"@timestamp per hour\", \"params\": {}}], \"x\": {\"accessor\": 0, \"aggType\": \"terms\", \"format\": {\"id\": \"terms\", \"params\": {\"id\": \"string\", \"missingBucketLabel\": \"Missing\", \"otherBucketLabel\": \"Other\", \"parsedUrl\": {\"basePath\": \"/s/siem\", \"origin\": \"https://192.168.1.72:5601\", \"pathname\": \"/s/siem/app/kibana\"}}}, \"label\": \"user.name: Descending\", \"params\": {}}, \"y\": [{\"accessor\": 2, \"aggType\": \"count\", \"format\": {\"id\": \"number\"}, \"label\": \"Count\", \"params\": {}}]}, \"enableHover\": true, \"invertColors\": false, \"legendPosition\": \"bottom\", \"percentageMode\": false, \"setColorRange\": false, \"times\": [], \"type\": \"heatmap\", \"valueAxes\": [{\"id\": \"ValueAxis-1\", \"labels\": {\"color\": \"black\", \"overwriteColor\": false, \"rotate\": 0, \"show\": true}, \"scale\": {\"defaultYExtents\": false, \"type\": \"linear\"}, \"show\": false, \"type\": \"value\"}]}, \"title\": \"Failed Logon HeatMap [Winlogbeat Security]\", \"type\": \"heatmap\"}"
            },
            "id": "4b683ac0-a7d7-11e9-a422-d144027429da",
            "migrationVersion": {
                "visualization": "7.7.0"
            },
            "references": [
                {
                    "id": "winlogbeat-*",
                    "name": "kibanaSavedObjectMeta.searchSourceJSON.index",
                    "type": "index-pattern"
                },
                {
                    "id": "winlogbeat-*",
                    "name": "kibanaSavedObjectMeta.searchSourceJSON.filter[0].meta.index",
                    "type": "index-pattern"
                },
                {
                    "id": "winlogbeat-*",
                    "name": "kibanaSavedObjectMeta.searchSourceJSON.filter[1].meta.index",
                    "type": "index-pattern"
                }
            ],
            "type": "visualization",
            "updated_at": "2020-06-04T16:26:29.252Z",
            "version": "WzE3MCwxXQ=="
        },
        {
            "attributes": {
                "columns": [
                    "event.action",
                    "user.name",
                    "related.user",
                    "user.domain",
                    "source.domain",
                    "source.ip",
                    "winlog.event_data.SubjectUserName"
                ],
                "description": "",
                "hits": 0,
                "kibanaSavedObjectMeta": {
                    "searchSourceJSON": "{\"filter\": [{\"$state\": {\"store\": \"appState\"}, \"meta\": {\"alias\": null, \"disabled\": false, \"indexRefName\": \"kibanaSavedObjectMeta.searchSourceJSON.filter[0].meta.index\", \"key\": \"event.code\", \"negate\": false, \"params\": [\"4625\", \"4740\"], \"type\": \"phrases\", \"value\": \"4625, 4740\"}, \"query\": {\"bool\": {\"minimum_should_match\": 1, \"should\": [{\"match_phrase\": {\"event.code\": \"4625\"}}, {\"match_phrase\": {\"event.code\": \"4740\"}}]}}}, {\"$state\": {\"store\": \"appState\"}, \"meta\": {\"alias\": null, \"disabled\": false, \"indexRefName\": \"kibanaSavedObjectMeta.searchSourceJSON.filter[1].meta.index\", \"key\": \"winlog.provider_name\", \"negate\": false, \"params\": {\"query\": \"Microsoft-Windows-Security-Auditing\"}, \"type\": \"phrase\"}, \"query\": {\"match_phrase\": {\"winlog.provider_name\": \"Microsoft-Windows-Security-Auditing\"}}}], \"highlightAll\": true, \"indexRefName\": \"kibanaSavedObjectMeta.searchSourceJSON.index\", \"query\": {\"language\": \"kuery\", \"query\": \"\"}, \"version\": true}"
                },
                "sort": [
                    [
                        "@timestamp",
                        "desc"
                    ]
                ],
                "title": "3. Login Failed Details",
                "version": 1
            },
            "id": "757510b0-a87f-11e9-a422-d144027429da",
            "migrationVersion": {
                "search": "7.4.0"
            },
            "references": [
                {
                    "id": "winlogbeat-*",
                    "name": "kibanaSavedObjectMeta.searchSourceJSON.index",
                    "type": "index-pattern"
                },
                {
                    "id": "winlogbeat-*",
                    "name": "kibanaSavedObjectMeta.searchSourceJSON.filter[0].meta.index",
                    "type": "index-pattern"
                },
                {
                    "id": "winlogbeat-*",
                    "name": "kibanaSavedObjectMeta.searchSourceJSON.filter[1].meta.index",
                    "type": "index-pattern"
                }
            ],
            "type": "search",
            "updated_at": "2020-06-04T16:26:29.252Z",
            "version": "WzE3MSwxXQ=="
        },
        {
            "attributes": {
                "description": "",
                "kibanaSavedObjectMeta": {
                    "searchSourceJSON": "{\"filter\": [{\"$state\": {\"store\": \"appState\"}, \"meta\": {\"alias\": null, \"disabled\": false, \"indexRefName\": \"kibanaSavedObjectMeta.searchSourceJSON.filter[0].meta.index\", \"key\": \"event.code\", \"negate\": false, \"params\": {\"query\": \"4625\"}, \"type\": \"phrase\"}, \"query\": {\"match\": {\"event.code\": {\"query\": \"4625\", \"type\": \"phrase\"}}}}, {\"$state\": {\"store\": \"appState\"}, \"meta\": {\"alias\": null, \"disabled\": false, \"indexRefName\": \"kibanaSavedObjectMeta.searchSourceJSON.filter[1].meta.index\", \"key\": \"winlog.provider_name\", \"negate\": false, \"params\": {\"query\": \"Microsoft-Windows-Security-Auditing\"}, \"type\": \"phrase\"}, \"query\": {\"match_phrase\": {\"winlog.provider_name\": \"Microsoft-Windows-Security-Auditing\"}}}], \"indexRefName\": \"kibanaSavedObjectMeta.searchSourceJSON.index\", \"query\": {\"language\": \"kuery\", \"query\": \"\"}}"
                },
                "title": "Logon Failed Source IP [Winlogbeat Security]",
                "uiStateJSON": "{}",
                "version": 1,
                "visState": "{\"aggs\": [{\"enabled\": true, \"id\": \"1\", \"params\": {}, \"schema\": \"metric\", \"type\": \"count\"}, {\"enabled\": true, \"id\": \"2\", \"params\": {\"field\": \"source.ip\", \"missingBucket\": false, \"missingBucketLabel\": \"Missing\", \"order\": \"desc\", \"orderBy\": \"1\", \"otherBucket\": false, \"otherBucketLabel\": \"Other\", \"size\": 5}, \"schema\": \"segment\", \"type\": \"terms\"}], \"params\": {\"bucket\": {\"accessor\": 0, \"format\": {\"id\": \"terms\", \"params\": {\"id\": \"ip\", \"missingBucketLabel\": \"Missing\", \"otherBucketLabel\": \"Other\", \"parsedUrl\": {\"basePath\": \"/s/siem\", \"origin\": \"https://192.168.1.72:5601\", \"pathname\": \"/s/siem/app/kibana\"}}}, \"type\": \"vis_dimension\"}, \"maxFontSize\": 38, \"metric\": {\"accessor\": 1, \"format\": {\"id\": \"string\", \"params\": {}}, \"type\": \"vis_dimension\"}, \"minFontSize\": 10, \"orientation\": \"single\", \"scale\": \"linear\", \"showLabel\": false}, \"title\": \"Logon Failed Source IP [Winlogbeat Security]\", \"type\": \"tagcloud\"}"
            },
            "id": "2084e300-a884-11e9-a422-d144027429da",
            "migrationVersion": {
                "visualization": "7.7.0"
            },
            "references": [
                {
                    "id": "winlogbeat-*",
                    "name": "kibanaSavedObjectMeta.searchSourceJSON.index",
                    "type": "index-pattern"
                },
                {
                    "id": "winlogbeat-*",
                    "name": "kibanaSavedObjectMeta.searchSourceJSON.filter[0].meta.index",
                    "type": "index-pattern"
                },
                {
                    "id": "winlogbeat-*",
                    "name": "kibanaSavedObjectMeta.searchSourceJSON.filter[1].meta.index",
                    "type": "index-pattern"
                }
            ],
            "type": "visualization",
            "updated_at": "2020-06-04T16:26:29.252Z",
            "version": "WzE3MiwxXQ=="
        },
        {
            "attributes": {
                "description": "",
                "kibanaSavedObjectMeta": {
                    "searchSourceJSON": "{\"filter\": [{\"$state\": {\"store\": \"appState\"}, \"meta\": {\"alias\": null, \"disabled\": false, \"indexRefName\": \"kibanaSavedObjectMeta.searchSourceJSON.filter[0].meta.index\", \"key\": \"event.code\", \"negate\": false, \"params\": {\"query\": \"4625\"}, \"type\": \"phrase\"}, \"query\": {\"match\": {\"event.code\": {\"query\": \"4625\", \"type\": \"phrase\"}}}}, {\"$state\": {\"store\": \"appState\"}, \"meta\": {\"alias\": null, \"disabled\": false, \"indexRefName\": \"kibanaSavedObjectMeta.searchSourceJSON.filter[1].meta.index\", \"key\": \"winlog.provider_name\", \"negate\": false, \"params\": {\"query\": \"Microsoft-Windows-Security-Auditing\"}, \"type\": \"phrase\"}, \"query\": {\"match_phrase\": {\"winlog.provider_name\": \"Microsoft-Windows-Security-Auditing\"}}}], \"indexRefName\": \"kibanaSavedObjectMeta.searchSourceJSON.index\", \"query\": {\"language\": \"kuery\", \"query\": \"\"}}"
                },
                "title": "Logon Failed Table [Winlogbeat Security]",
                "uiStateJSON": "{\"vis\": {\"params\": {\"sort\": {\"columnIndex\": null, \"direction\": null}}}}",
                "version": 1,
                "visState": "{\"aggs\": [{\"enabled\": true, \"id\": \"1\", \"params\": {}, \"schema\": \"metric\", \"type\": \"count\"}, {\"enabled\": true, \"id\": \"2\", \"params\": {\"customLabel\": \"Time Bucket\", \"drop_partials\": false, \"extended_bounds\": {}, \"field\": \"@timestamp\", \"interval\": \"h\", \"min_doc_count\": 1, \"scaleMetricValues\": false, \"timeRange\": {\"from\": \"2020-05-17T09:37:55.995Z\", \"to\": \"2020-05-22T03:09:27.260Z\"}, \"useNormalizedEsInterval\": true}, \"schema\": \"bucket\", \"type\": \"date_histogram\"}, {\"enabled\": true, \"id\": \"3\", \"params\": {\"customLabel\": \"user.name\", \"field\": \"user.name\", \"missingBucket\": false, \"missingBucketLabel\": \"Missing\", \"order\": \"desc\", \"orderBy\": \"1\", \"otherBucket\": false, \"otherBucketLabel\": \"Other\", \"size\": 1000}, \"schema\": \"bucket\", \"type\": \"terms\"}, {\"enabled\": true, \"id\": \"4\", \"params\": {\"customLabel\": \"source workstation\", \"field\": \"source.domain\", \"json\": \"{\\\"missing\\\": \\\"N/A\\\"}\", \"missingBucket\": false, \"missingBucketLabel\": \"Missing\", \"order\": \"desc\", \"orderBy\": \"1\", \"otherBucket\": false, \"otherBucketLabel\": \"Other\", \"size\": 5}, \"schema\": \"bucket\", \"type\": \"terms\"}, {\"enabled\": true, \"id\": \"5\", \"params\": {\"customLabel\": \"source.ip\", \"field\": \"source.ip\", \"json\": \"{\\\"missing\\\": \\\"::\\\"}\", \"missingBucket\": false, \"missingBucketLabel\": \"Missing\", \"order\": \"desc\", \"orderBy\": \"1\", \"otherBucket\": false, \"otherBucketLabel\": \"Other\", \"size\": 5}, \"schema\": \"bucket\", \"type\": \"terms\"}, {\"enabled\": true, \"id\": \"6\", \"params\": {\"customLabel\": \"event.action\", \"field\": \"event.action\", \"missingBucket\": false, \"missingBucketLabel\": \"Missing\", \"order\": \"desc\", \"orderBy\": \"1\", \"otherBucket\": false, \"otherBucketLabel\": \"Other\", \"size\": 5}, \"schema\": \"bucket\", \"type\": \"terms\"}, {\"enabled\": true, \"id\": \"7\", \"params\": {\"customLabel\": \"winlog.logon.type\", \"field\": \"winlog.logon.type\", \"missingBucket\": false, \"missingBucketLabel\": \"Missing\", \"order\": \"desc\", \"orderBy\": \"1\", \"otherBucket\": false, \"otherBucketLabel\": \"Other\", \"size\": 5}, \"schema\": \"bucket\", \"type\": \"terms\"}, {\"enabled\": true, \"id\": \"8\", \"params\": {\"customLabel\": \"winlog.event_data.SubjectUserName\", \"field\": \"winlog.event_data.SubjectUserName\", \"missingBucket\": false, \"missingBucketLabel\": \"Missing\", \"order\": \"desc\", \"orderBy\": \"1\", \"otherBucket\": false, \"otherBucketLabel\": \"Other\", \"size\": 5}, \"schema\": \"bucket\", \"type\": \"terms\"}], \"params\": {\"dimensions\": {\"buckets\": [{\"accessor\": 0, \"aggType\": \"date_histogram\", \"format\": {\"id\": \"date\", \"params\": {\"pattern\": \"YYYY-MM-DD HH:mm\"}}, \"params\": {}}, {\"accessor\": 1, \"aggType\": \"terms\", \"format\": {\"id\": \"terms\", \"params\": {\"id\": \"string\", \"missingBucketLabel\": \"Missing\", \"otherBucketLabel\": \"Other\"}}, \"params\": {}}, {\"accessor\": 2, \"aggType\": \"terms\", \"format\": {\"id\": \"terms\", \"params\": {\"id\": \"string\", \"missingBucketLabel\": \"Missing\", \"otherBucketLabel\": \"Other\"}}, \"params\": {}}, {\"accessor\": 3, \"aggType\": \"terms\", \"format\": {\"id\": \"terms\", \"params\": {\"id\": \"ip\", \"missingBucketLabel\": \"Missing\", \"otherBucketLabel\": \"Other\"}}, \"params\": {}}, {\"accessor\": 4, \"aggType\": \"terms\", \"format\": {\"id\": \"terms\", \"params\": {\"id\": \"string\", \"missingBucketLabel\": \"Missing\", \"otherBucketLabel\": \"Other\"}}, \"params\": {}}], \"metrics\": [{\"accessor\": 5, \"aggType\": \"count\", \"format\": {\"id\": \"number\"}, \"params\": {}}]}, \"perPage\": 15, \"percentageCol\": \"\", \"showMetricsAtAllLevels\": false, \"showPartialRows\": false, \"showTotal\": false, \"sort\": {\"columnIndex\": null, \"direction\": null}, \"totalFunc\": \"sum\"}, \"title\": \"Logon Failed Table [Winlogbeat Security]\", \"type\": \"table\"}"
            },
            "id": "421f0610-af98-11e9-a422-d144027429da",
            "migrationVersion": {
                "visualization": "7.7.0"
            },
            "references": [
                {
                    "id": "winlogbeat-*",
                    "name": "kibanaSavedObjectMeta.searchSourceJSON.index",
                    "type": "index-pattern"
                },
                {
                    "id": "winlogbeat-*",
                    "name": "kibanaSavedObjectMeta.searchSourceJSON.filter[0].meta.index",
                    "type": "index-pattern"
                },
                {
                    "id": "winlogbeat-*",
                    "name": "kibanaSavedObjectMeta.searchSourceJSON.filter[1].meta.index",
                    "type": "index-pattern"
                }
            ],
            "type": "visualization",
            "updated_at": "2020-06-04T16:26:29.252Z",
            "version": "WzE3MywxXQ=="
        },
        {
            "attributes": {
                "description": "",
                "kibanaSavedObjectMeta": {
                    "searchSourceJSON": "{\"filter\": [], \"query\": {\"language\": \"kuery\", \"query\": \"\"}}"
                },
                "title": "Dashboard links  [Winlogbeat Security]",
                "uiStateJSON": "{}",
                "version": 1,
                "visState": "{\"aggs\": [], \"params\": {\"fontSize\": 12, \"markdown\": \"[Winlogbeat Overview](#/dashboard/Winlogbeat-Dashboard-ecs) | [User Logon Information](#/dashboard/bae11b00-9bfc-11ea-87e4-49f31ec44891) |  [Logon Failed and Account Lockout](#/dashboard/d401ef40-a7d5-11e9-a422-d144027429da) | [User Management Events](#/dashboard/71f720f0-ff18-11e9-8405-516218e3d268) | [Group Management Events](#/dashboard/bb858830-f412-11e9-8405-516218e3d268)\", \"openLinksInNewTab\": false}, \"title\": \"Dashboard links  [Winlogbeat Security]\", \"type\": \"markdown\"}"
            },
            "id": "a3c3f350-9b6d-11ea-87e4-49f31ec44891",
            "migrationVersion": {
                "visualization": "7.7.0"
            },
            "references": [],
            "type": "visualization",
            "updated_at": "2020-06-04T16:49:11.152Z",
            "version": "WzI1MCwxXQ=="
        },
        {
            "attributes": {
                "description": "",
                "kibanaSavedObjectMeta": {
                    "searchSourceJSON": "{\"filter\": [], \"query\": {\"language\": \"lucene\", \"query\": \"\"}}"
                },
                "title": "Failed Logons TSVB  [Winlogbeat Security]",
                "uiStateJSON": "{}",
                "version": 1,
                "visState": "{\"aggs\": [], \"params\": {\"axis_formatter\": \"number\", \"axis_position\": \"left\", \"axis_scale\": \"normal\", \"background_color_rules\": [{\"background_color\": \"rgba(204,204,204,1)\", \"id\": \"8d597960-ff18-11e9-8249-2371c695f3b0\", \"operator\": \"lte\", \"value\": 0}, {\"background_color\": \"rgba(181,99,93,1)\", \"id\": \"a3f59730-ff18-11e9-8249-2371c695f3b0\", \"operator\": \"gte\", \"value\": 1}], \"default_index_pattern\": \"packetbeat-*\", \"default_timefield\": \"@timestamp\", \"drop_last_bucket\": 0, \"filter\": {\"language\": \"kuery\", \"query\": \"event.code: \\\"4625\\\" and winlog.provider_name : \\\"Microsoft-Windows-Security-Auditing\\\" \"}, \"id\": \"61ca57f0-469d-11e7-af02-69e470af7417\", \"index_pattern\": \"winlogbeat-*\", \"interval\": \"90d\", \"isModelInvalid\": false, \"series\": [{\"axis_position\": \"right\", \"chart_type\": \"line\", \"color\": \"#68BC00\", \"fill\": 0.5, \"formatter\": \"number\", \"id\": \"61ca57f1-469d-11e7-af02-69e470af7417\", \"label\": \"Failed Logon\", \"line_width\": 1, \"metrics\": [{\"id\": \"61ca57f2-469d-11e7-af02-69e470af7417\", \"type\": \"count\"}], \"point_size\": 1, \"separate_axis\": 0, \"split_mode\": \"everything\", \"stacked\": \"none\"}], \"show_grid\": 1, \"show_legend\": 1, \"time_field\": \"@timestamp\", \"time_range_mode\": \"entire_time_range\", \"type\": \"metric\"}, \"title\": \"Failed Logons TSVB  [Winlogbeat Security]\", \"type\": \"metrics\"}"
            },
            "id": "8ef59f90-6ab8-11ea-896f-0d70f7ec3956",
            "migrationVersion": {
                "visualization": "7.7.0"
            },
            "references": [],
            "type": "visualization",
            "updated_at": "2020-06-04T16:26:28.275Z",
            "version": "WzE2MiwxXQ=="
        },
        {
            "attributes": {
                "description": "",
                "kibanaSavedObjectMeta": {
                    "searchSourceJSON": "{\"filter\": [], \"query\": {\"language\": \"lucene\", \"query\": \"\"}}"
                },
                "title": "Blocked Accounts TSVB [Winlogbeat Security]",
                "uiStateJSON": "{}",
                "version": 1,
                "visState": "{\"aggs\": [], \"params\": {\"axis_formatter\": \"number\", \"axis_position\": \"left\", \"axis_scale\": \"normal\", \"background_color_rules\": [{\"background_color\": \"rgba(204,204,204,1)\", \"color\": \"rgba(51,51,51,1)\", \"id\": \"8d597960-ff18-11e9-8249-2371c695f3b0\", \"operator\": \"lte\", \"value\": 0}, {\"background_color\": \"rgba(102,102,102,1)\", \"id\": \"a3f59730-ff18-11e9-8249-2371c695f3b0\", \"operator\": \"gte\", \"value\": 1}], \"default_index_pattern\": \"packetbeat-*\", \"default_timefield\": \"@timestamp\", \"drop_last_bucket\": 0, \"filter\": {\"language\": \"kuery\", \"query\": \"event.code: \\\"4740\\\"\"}, \"id\": \"61ca57f0-469d-11e7-af02-69e470af7417\", \"index_pattern\": \"winlogbeat-*\", \"interval\": \"90d\", \"isModelInvalid\": false, \"series\": [{\"axis_position\": \"right\", \"chart_type\": \"line\", \"color\": \"#68BC00\", \"fill\": 0.5, \"formatter\": \"number\", \"id\": \"61ca57f1-469d-11e7-af02-69e470af7417\", \"label\": \"Blocked Accounts\", \"line_width\": 1, \"metrics\": [{\"field\": \"user.name\", \"id\": \"61ca57f2-469d-11e7-af02-69e470af7417\", \"type\": \"cardinality\"}], \"point_size\": 1, \"separate_axis\": 0, \"split_mode\": \"everything\", \"stacked\": \"none\"}], \"show_grid\": 1, \"show_legend\": 1, \"time_field\": \"@timestamp\", \"time_range_mode\": \"entire_time_range\", \"type\": \"metric\"}, \"title\": \"Blocked Accounts TSVB [Winlogbeat Security]\", \"type\": \"metrics\"}"
            },
            "id": "a79395f0-6aba-11ea-896f-0d70f7ec3956",
            "migrationVersion": {
                "visualization": "7.7.0"
            },
            "references": [],
            "type": "visualization",
            "updated_at": "2020-06-04T16:26:28.275Z",
            "version": "WzE2MywxXQ=="
        }
    ],
    "version": "7.7.0"
}