{
    "objects": [
        {
            "attributes": {
                "description": "User management activity.",
                "hits": 0,
                "kibanaSavedObjectMeta": {
                    "searchSourceJSON": "{\"filter\": [], \"query\": {\"language\": \"kuery\", \"query\": \"\"}}"
                },
                "optionsJSON": "{\"hidePanelTitles\": false, \"useMargins\": false}",
                "panelsJSON": "[{\"embeddableConfig\": {\"title\": \"\"}, \"gridData\": {\"h\": 8, \"i\": \"1\", \"w\": 17, \"x\": 0, \"y\": 0}, \"panelIndex\": \"1\", \"panelRefName\": \"panel_0\", \"version\": \"7.7.0\"}, {\"embeddableConfig\": {\"title\": \"Created Users [Winlogbeat Security]\"}, \"gridData\": {\"h\": 16, \"i\": \"3\", \"w\": 9, \"x\": 0, \"y\": 56}, \"panelIndex\": \"3\", \"panelRefName\": \"panel_1\", \"title\": \"Created Users [Winlogbeat Security]\", \"version\": \"7.7.0\"}, {\"embeddableConfig\": {\"title\": \"Enabled Users [Winlogbeat Security]\"}, \"gridData\": {\"h\": 16, \"i\": \"5\", \"w\": 9, \"x\": 9, \"y\": 56}, \"panelIndex\": \"5\", \"panelRefName\": \"panel_2\", \"title\": \"Enabled Users [Winlogbeat Security]\", \"version\": \"7.7.0\"}, {\"embeddableConfig\": {\"title\": \"Disabled Users [Winlogbeat Security]\"}, \"gridData\": {\"h\": 16, \"i\": \"6\", \"w\": 9, \"x\": 0, \"y\": 79}, \"panelIndex\": \"6\", \"panelRefName\": \"panel_3\", \"title\": \"Disabled Users [Winlogbeat Security]\", \"version\": \"7.7.0\"}, {\"embeddableConfig\": {\"title\": \"Deleted Users [Winlogbeat Security]\"}, \"gridData\": {\"h\": 16, \"i\": \"7\", \"w\": 9, \"x\": 18, \"y\": 56}, \"panelIndex\": \"7\", \"panelRefName\": \"panel_4\", \"title\": \"Deleted Users [Winlogbeat Security]\", \"version\": \"7.7.0\"}, {\"embeddableConfig\": {\"title\": \"Passwords Changes [Winlogbeat Security]\"}, \"gridData\": {\"h\": 16, \"i\": \"9\", \"w\": 9, \"x\": 18, \"y\": 79}, \"panelIndex\": \"9\", \"panelRefName\": \"panel_5\", \"title\": \"Passwords Changes [Winlogbeat Security]\", \"version\": \"7.7.0\"}, {\"embeddableConfig\": {\"title\": \"Unlocked Users [Winlogbeat Security]\"}, \"gridData\": {\"h\": 16, \"i\": \"15\", \"w\": 9, \"x\": 9, \"y\": 79}, \"panelIndex\": \"15\", \"panelRefName\": \"panel_6\", \"title\": \"Unlocked Users [Winlogbeat Security]\", \"version\": \"7.7.0\"}, {\"embeddableConfig\": {\"title\": \"Users Changes [Winlogbeat Security]\"}, \"gridData\": {\"h\": 16, \"i\": \"16\", \"w\": 9, \"x\": 18, \"y\": 102}, \"panelIndex\": \"16\", \"panelRefName\": \"panel_7\", \"title\": \"Users Changes [Winlogbeat Security]\", \"version\": \"7.7.0\"}, {\"embeddableConfig\": {\"title\": \"Locked-out Users [Winlogbeat Security]\"}, \"gridData\": {\"h\": 16, \"i\": \"20\", \"w\": 9, \"x\": 0, \"y\": 102}, \"panelIndex\": \"20\", \"panelRefName\": \"panel_8\", \"title\": \"Locked-out Users [Winlogbeat Security]\", \"version\": \"7.7.0\"}, {\"embeddableConfig\": {}, \"gridData\": {\"h\": 46, \"i\": \"22\", \"w\": 21, \"x\": 27, \"y\": 72}, \"panelIndex\": \"22\", \"panelRefName\": \"panel_9\", \"version\": \"7.7.0\"}, {\"embeddableConfig\": {}, \"gridData\": {\"h\": 19, \"i\": \"23\", \"w\": 48, \"x\": 0, \"y\": 118}, \"panelIndex\": \"23\", \"panelRefName\": \"panel_10\", \"version\": \"7.7.0\"}, {\"embeddableConfig\": {\"title\": \"\"}, \"gridData\": {\"h\": 7, \"i\": \"24\", \"w\": 9, \"x\": 0, \"y\": 72}, \"panelIndex\": \"24\", \"panelRefName\": \"panel_11\", \"version\": \"7.7.0\"}, {\"embeddableConfig\": {\"title\": \"\"}, \"gridData\": {\"h\": 7, \"i\": \"25\", \"w\": 9, \"x\": 9, \"y\": 49}, \"panelIndex\": \"25\", \"panelRefName\": \"panel_12\", \"version\": \"7.7.0\"}, {\"embeddableConfig\": {\"title\": \"\"}, \"gridData\": {\"h\": 7, \"i\": \"26\", \"w\": 9, \"x\": 18, \"y\": 49}, \"panelIndex\": \"26\", \"panelRefName\": \"panel_13\", \"version\": \"7.7.0\"}, {\"embeddableConfig\": {\"title\": \"\"}, \"gridData\": {\"h\": 7, \"i\": \"27\", \"w\": 9, \"x\": 0, \"y\": 49}, \"panelIndex\": \"27\", \"panelRefName\": \"panel_14\", \"version\": \"7.7.0\"}, {\"embeddableConfig\": {\"title\": \"\"}, \"gridData\": {\"h\": 7, \"i\": \"28\", \"w\": 9, \"x\": 9, \"y\": 72}, \"panelIndex\": \"28\", \"panelRefName\": \"panel_15\", \"version\": \"7.7.0\"}, {\"embeddableConfig\": {\"title\": \"\"}, \"gridData\": {\"h\": 7, \"i\": \"29\", \"w\": 9, \"x\": 18, \"y\": 72}, \"panelIndex\": \"29\", \"panelRefName\": \"panel_16\", \"version\": \"7.7.0\"}, {\"embeddableConfig\": {\"title\": \"\"}, \"gridData\": {\"h\": 7, \"i\": \"30\", \"w\": 9, \"x\": 0, \"y\": 95}, \"panelIndex\": \"30\", \"panelRefName\": \"panel_17\", \"version\": \"7.7.0\"}, {\"embeddableConfig\": {\"title\": \"\"}, \"gridData\": {\"h\": 7, \"i\": \"31\", \"w\": 9, \"x\": 18, \"y\": 95}, \"panelIndex\": \"31\", \"panelRefName\": \"panel_18\", \"version\": \"7.7.0\"}, {\"embeddableConfig\": {\"title\": \"\"}, \"gridData\": {\"h\": 7, \"i\": \"32\", \"w\": 9, \"x\": 9, \"y\": 95}, \"panelIndex\": \"32\", \"panelRefName\": \"panel_19\", \"version\": \"7.7.0\"}, {\"embeddableConfig\": {}, \"gridData\": {\"h\": 16, \"i\": \"33\", \"w\": 9, \"x\": 9, \"y\": 102}, \"panelIndex\": \"33\", \"panelRefName\": \"panel_20\", \"version\": \"7.7.0\"}, {\"embeddableConfig\": {\"title\": \"\"}, \"gridData\": {\"h\": 8, \"i\": \"cf0adfac-7cf2-479d-8ddb-1edeee62d37c\", \"w\": 31, \"x\": 17, \"y\": 0}, \"panelIndex\": \"cf0adfac-7cf2-479d-8ddb-1edeee62d37c\", \"panelRefName\": \"panel_21\", \"version\": \"7.7.0\"}, {\"embeddableConfig\": {\"colors\": {\"added-user-account\": \"#447EBC\", \"deleted-user-account\": \"#82B5D8\", \"disabled-user-account\": \"#82B5D8\", \"enabled-user-account\": \"#0A50A1\", \"modified-user-account\": \"#2F575E\", \"renamed-user-account\": \"#1F78C1\", \"reset-password\": \"#5195CE\"}, \"vis\": {\"colors\": {\"added-user-account\": \"#447EBC\", \"deleted-user-account\": \"#82B5D8\", \"disabled-user-account\": \"#82B5D8\", \"enabled-user-account\": \"#0A50A1\", \"modified-user-account\": \"#2F575E\", \"renamed-user-account\": \"#1F78C1\", \"reset-password\": \"#5195CE\", \"unlocked-user-account\": \"#64B0C8\"}}}, \"gridData\": {\"h\": 16, \"i\": \"a2871661-98a8-489b-b615-e66ebe3b971a\", \"w\": 17, \"x\": 0, \"y\": 8}, \"panelIndex\": \"a2871661-98a8-489b-b615-e66ebe3b971a\", \"panelRefName\": \"panel_22\", \"version\": \"7.7.0\"}, {\"embeddableConfig\": {}, \"gridData\": {\"h\": 16, \"i\": \"e80fae4a-6087-41e1-b4b9-31802cb1e4bf\", \"w\": 18, \"x\": 30, \"y\": 8}, \"panelIndex\": \"e80fae4a-6087-41e1-b4b9-31802cb1e4bf\", \"panelRefName\": \"panel_23\", \"version\": \"7.7.0\"}, {\"embeddableConfig\": {}, \"gridData\": {\"h\": 16, \"i\": \"dd3e12e6-0d3c-448e-b0c4-91f7dc8742b6\", \"w\": 13, \"x\": 17, \"y\": 8}, \"panelIndex\": \"dd3e12e6-0d3c-448e-b0c4-91f7dc8742b6\", \"panelRefName\": \"panel_24\", \"version\": \"7.7.0\"}, {\"embeddableConfig\": {\"title\": \"Actions performed over Users [Winlogbeat Security]\", \"vis\": null}, \"gridData\": {\"h\": 25, \"i\": \"29f54335-78db-4c49-a3e0-a641fd0099f6\", \"w\": 48, \"x\": 0, \"y\": 24}, \"panelIndex\": \"29f54335-78db-4c49-a3e0-a641fd0099f6\", \"panelRefName\": \"panel_25\", \"title\": \"Actions performed over Users [Winlogbeat Security]\", \"version\": \"7.7.0\"}, {\"embeddableConfig\": {\"colors\": {\"added-user-account\": \"#0A437C\", \"deleted-user-account\": \"#5195CE\", \"enabled-user-account\": \"#0A50A1\", \"modified-user-account\": \"#052B51\", \"renamed-user-account\": \"#1F78C1\", \"reset-password\": \"#5195CE\"}, \"vis\": {\"colors\": {\"added-user-account\": \"#0A437C\", \"deleted-user-account\": \"#5195CE\", \"disabled-user-account\": \"#82B5D8\", \"enabled-user-account\": \"#0A50A1\", \"modified-user-account\": \"#052B51\", \"renamed-user-account\": \"#1F78C1\", \"reset-password\": \"#5195CE\"}}}, \"gridData\": {\"h\": 23, \"i\": \"1ec8b993-9ac1-4c7f-b7f7-5136f2e310aa\", \"w\": 21, \"x\": 27, \"y\": 49}, \"panelIndex\": \"1ec8b993-9ac1-4c7f-b7f7-5136f2e310aa\", \"panelRefName\": \"panel_26\", \"version\": \"7.7.0\"}]",
                "timeRestore": false,
                "title": "[Winlogbeat Security] User Management Events",
                "version": 1
            },
            "id": "71f720f0-ff18-11e9-8405-516218e3d268",
            "migrationVersion": {
                "dashboard": "7.3.0"
            },
            "references": [
                {
                    "id": "2dc6b820-b9e8-11e9-b6a2-c9b4015c4baf",
                    "name": "panel_0",
                    "type": "visualization"
                },
                {
                    "id": "5e7f0ed0-bcd2-11e9-b6a2-c9b4015c4baf",
                    "name": "panel_1",
                    "type": "visualization"
                },
                {
                    "id": "0620c3d0-bcd4-11e9-b6a2-c9b4015c4baf",
                    "name": "panel_2",
                    "type": "visualization"
                },
                {
                    "id": "8f20c950-bcd4-11e9-b6a2-c9b4015c4baf",
                    "name": "panel_3",
                    "type": "visualization"
                },
                {
                    "id": "ee0319a0-bcd4-11e9-b6a2-c9b4015c4baf",
                    "name": "panel_4",
                    "type": "visualization"
                },
                {
                    "id": "da5ffe40-bcd9-11e9-b6a2-c9b4015c4baf",
                    "name": "panel_5",
                    "type": "visualization"
                },
                {
                    "id": "da2110c0-bcea-11e9-b6a2-c9b4015c4baf",
                    "name": "panel_6",
                    "type": "visualization"
                },
                {
                    "id": "abf96c10-bcea-11e9-b6a2-c9b4015c4baf",
                    "name": "panel_7",
                    "type": "visualization"
                },
                {
                    "id": "4ac8f5f0-bcfe-11e9-b6a2-c9b4015c4baf",
                    "name": "panel_8",
                    "type": "visualization"
                },
                {
                    "id": "7e178c80-fee1-11e9-8405-516218e3d268",
                    "name": "panel_9",
                    "type": "search"
                },
                {
                    "id": "324686c0-fefb-11e9-8405-516218e3d268",
                    "name": "panel_10",
                    "type": "search"
                },
                {
                    "id": "97c70300-ff1c-11e9-8405-516218e3d268",
                    "name": "panel_11",
                    "type": "visualization"
                },
                {
                    "id": "bf45dc50-ff1a-11e9-8405-516218e3d268",
                    "name": "panel_12",
                    "type": "visualization"
                },
                {
                    "id": "7322f9f0-ff1c-11e9-8405-516218e3d268",
                    "name": "panel_13",
                    "type": "visualization"
                },
                {
                    "id": "d3a5fec0-ff18-11e9-8405-516218e3d268",
                    "name": "panel_14",
                    "type": "visualization"
                },
                {
                    "id": "1b6725f0-ff1d-11e9-8405-516218e3d268",
                    "name": "panel_15",
                    "type": "visualization"
                },
                {
                    "id": "60301890-ff1d-11e9-8405-516218e3d268",
                    "name": "panel_16",
                    "type": "visualization"
                },
                {
                    "id": "9dd22440-ff1d-11e9-8405-516218e3d268",
                    "name": "panel_17",
                    "type": "visualization"
                },
                {
                    "id": "c9d959f0-ff1d-11e9-8405-516218e3d268",
                    "name": "panel_18",
                    "type": "visualization"
                },
                {
                    "id": "1f271bc0-231a-11ea-8405-516218e3d268",
                    "name": "panel_19",
                    "type": "visualization"
                },
                {
                    "id": "fa876300-231a-11ea-8405-516218e3d268",
                    "name": "panel_20",
                    "type": "visualization"
                },
                {
                    "id": "a3c3f350-9b6d-11ea-87e4-49f31ec44891",
                    "name": "panel_21",
                    "type": "visualization"
                },
                {
                    "id": "26877510-9b72-11ea-87e4-49f31ec44891",
                    "name": "panel_22",
                    "type": "visualization"
                },
                {
                    "id": "117f5a30-9b71-11ea-87e4-49f31ec44891",
                    "name": "panel_23",
                    "type": "visualization"
                },
                {
                    "id": "5c9ee410-9b74-11ea-87e4-49f31ec44891",
                    "name": "panel_24",
                    "type": "visualization"
                },
                {
                    "id": "aa31c9d0-9b75-11ea-87e4-49f31ec44891",
                    "name": "panel_25",
                    "type": "visualization"
                },
                {
                    "id": "caf4d2b0-9b76-11ea-87e4-49f31ec44891",
                    "name": "panel_26",
                    "type": "visualization"
                }
            ],
            "type": "dashboard",
            "updated_at": "2020-06-04T16:26:24.183Z",
            "version": "WzU4LDFd"
        },
        {
            "attributes": {
                "description": "",
                "kibanaSavedObjectMeta": {
                    "searchSourceJSON": "{\"filter\": [], \"query\": {\"language\": \"kuery\", \"query\": \"\"}}"
                },
                "title": "User  Management Events - Description [Winlogbeat Security]",
                "uiStateJSON": "{}",
                "version": 1,
                "visState": "{\"aggs\": [], \"params\": {\"fontSize\": 10, \"markdown\": \"# **User Management Events**\\n\\n#### This dashboard shows information about User Management Events collected by winlogbeat\\n\", \"openLinksInNewTab\": false}, \"title\": \"User  Management Events - Description [Winlogbeat Security]\", \"type\": \"markdown\"}"
            },
            "id": "2dc6b820-b9e8-11e9-b6a2-c9b4015c4baf",
            "migrationVersion": {
                "visualization": "7.7.0"
            },
            "references": [],
            "type": "visualization",
            "updated_at": "2020-06-04T16:26:25.228Z",
            "version": "Wzg3LDFd"
        },
        {
            "attributes": {
                "description": "",
                "kibanaSavedObjectMeta": {
                    "searchSourceJSON": "{\"filter\": [{\"$state\": {\"store\": \"appState\"}, \"meta\": {\"alias\": null, \"disabled\": false, \"indexRefName\": \"kibanaSavedObjectMeta.searchSourceJSON.filter[0].meta.index\", \"key\": \"event.code\", \"negate\": false, \"params\": {\"query\": \"4720\"}, \"type\": \"phrase\", \"value\": \"4720\"}, \"query\": {\"match\": {\"event.code\": {\"query\": \"4720\", \"type\": \"phrase\"}}}}], \"indexRefName\": \"kibanaSavedObjectMeta.searchSourceJSON.index\", \"query\": {\"language\": \"kuery\", \"query\": \"\"}}"
                },
                "title": "Users Created - Table [Winlogbeat Security]",
                "uiStateJSON": "{\"vis\": {\"params\": {\"sort\": {\"columnIndex\": null, \"direction\": null}}}}",
                "version": 1,
                "visState": "{\"aggs\": [{\"enabled\": true, \"id\": \"1\", \"params\": {}, \"schema\": \"metric\", \"type\": \"count\"}, {\"enabled\": true, \"id\": \"2\", \"params\": {\"customLabel\": \"Created User\", \"field\": \"winlog.event_data.TargetUserName\", \"missingBucket\": false, \"missingBucketLabel\": \"Missing\", \"order\": \"desc\", \"orderBy\": \"1\", \"otherBucket\": false, \"otherBucketLabel\": \"Other\", \"size\": 100}, \"schema\": \"bucket\", \"type\": \"terms\"}, {\"enabled\": true, \"id\": \"3\", \"params\": {\"customLabel\": \"Performed by\", \"field\": \"winlog.event_data.SubjectUserName\", \"missingBucket\": true, \"missingBucketLabel\": \"Missing\", \"order\": \"desc\", \"orderBy\": \"1\", \"otherBucket\": false, \"otherBucketLabel\": \"Other\", \"size\": 5}, \"schema\": \"bucket\", \"type\": \"terms\"}, {\"enabled\": true, \"id\": \"4\", \"params\": {\"customLabel\": \"Performer LogonID\", \"field\": \"winlog.logon.id\", \"missingBucket\": false, \"missingBucketLabel\": \"Missing\", \"order\": \"desc\", \"orderBy\": \"1\", \"otherBucket\": false, \"otherBucketLabel\": \"Other\", \"size\": 5}, \"schema\": \"bucket\", \"type\": \"terms\"}], \"params\": {\"dimensions\": {\"buckets\": [{\"accessor\": 0, \"aggType\": \"terms\", \"format\": {\"id\": \"terms\", \"params\": {\"id\": \"string\", \"missingBucketLabel\": \"Missing\", \"otherBucketLabel\": \"Other\"}}, \"params\": {}}, {\"accessor\": 1, \"aggType\": \"terms\", \"format\": {\"id\": \"terms\", \"params\": {\"id\": \"string\", \"missingBucketLabel\": \"Missing\", \"otherBucketLabel\": \"Other\"}}, \"params\": {}}, {\"accessor\": 2, \"aggType\": \"terms\", \"format\": {\"id\": \"terms\", \"params\": {\"id\": \"string\", \"missingBucketLabel\": \"Missing\", \"otherBucketLabel\": \"Other\"}}, \"params\": {}}], \"metrics\": [{\"accessor\": 3, \"aggType\": \"count\", \"format\": {\"id\": \"number\"}, \"params\": {}}]}, \"perPage\": 10, \"showMetricsAtAllLevels\": false, \"showPartialRows\": false, \"showTotal\": false, \"sort\": {\"columnIndex\": null, \"direction\": null}, \"totalFunc\": \"sum\"}, \"title\": \"Users Created - Table [Winlogbeat Security]\", \"type\": \"table\"}"
            },
            "id": "5e7f0ed0-bcd2-11e9-b6a2-c9b4015c4baf",
            "migrationVersion": {
                "visualization": "7.7.0"
            },
            "references": [
                {
                    "id": "winlogbeat-*",
                    "name": "kibanaSavedObjectMeta.searchSourceJSON.index",
                    "type": "index-pattern"
                },
                {
                    "id": "winlogbeat-*",
                    "name": "kibanaSavedObjectMeta.searchSourceJSON.filter[0].meta.index",
                    "type": "index-pattern"
                }
            ],
            "type": "visualization",
            "updated_at": "2020-06-04T16:26:25.228Z",
            "version": "Wzg4LDFd"
        },
        {
            "attributes": {
                "description": "",
                "kibanaSavedObjectMeta": {
                    "searchSourceJSON": "{\"filter\": [{\"$state\": {\"store\": \"appState\"}, \"meta\": {\"alias\": null, \"disabled\": false, \"indexRefName\": \"kibanaSavedObjectMeta.searchSourceJSON.filter[0].meta.index\", \"key\": \"event.code\", \"negate\": false, \"params\": {\"query\": \"4722\"}, \"type\": \"phrase\", \"value\": \"4722\"}, \"query\": {\"match\": {\"event.code\": {\"query\": \"4722\", \"type\": \"phrase\"}}}}], \"indexRefName\": \"kibanaSavedObjectMeta.searchSourceJSON.index\", \"query\": {\"language\": \"kuery\", \"query\": \"\"}}"
                },
                "title": "Users Enabled - Table [Winlogbeat Security]",
                "uiStateJSON": "{\"vis\": {\"params\": {\"sort\": {\"columnIndex\": null, \"direction\": null}}}}",
                "version": 1,
                "visState": "{\"aggs\": [{\"enabled\": true, \"id\": \"1\", \"params\": {}, \"schema\": \"metric\", \"type\": \"count\"}, {\"enabled\": true, \"id\": \"2\", \"params\": {\"customLabel\": \"Enabled User\", \"field\": \"winlog.event_data.TargetUserName\", \"missingBucket\": false, \"missingBucketLabel\": \"Missing\", \"order\": \"desc\", \"orderBy\": \"1\", \"otherBucket\": false, \"otherBucketLabel\": \"Other\", \"size\": 100}, \"schema\": \"bucket\", \"type\": \"terms\"}, {\"enabled\": true, \"id\": \"3\", \"params\": {\"customLabel\": \"Performed by\", \"field\": \"winlog.event_data.SubjectUserName\", \"missingBucket\": true, \"missingBucketLabel\": \"Missing\", \"order\": \"desc\", \"orderBy\": \"1\", \"otherBucket\": false, \"otherBucketLabel\": \"Other\", \"size\": 5}, \"schema\": \"bucket\", \"type\": \"terms\"}, {\"enabled\": true, \"id\": \"4\", \"params\": {\"customLabel\": \"Performer LogonId\", \"field\": \"winlog.logon.id\", \"missingBucket\": false, \"missingBucketLabel\": \"Missing\", \"order\": \"desc\", \"orderBy\": \"1\", \"otherBucket\": false, \"otherBucketLabel\": \"Other\", \"size\": 5}, \"schema\": \"bucket\", \"type\": \"terms\"}], \"params\": {\"dimensions\": {\"buckets\": [{\"accessor\": 0, \"aggType\": \"terms\", \"format\": {\"id\": \"terms\", \"params\": {\"id\": \"string\", \"missingBucketLabel\": \"Missing\", \"otherBucketLabel\": \"Other\"}}, \"params\": {}}, {\"accessor\": 1, \"aggType\": \"terms\", \"format\": {\"id\": \"terms\", \"params\": {\"id\": \"string\", \"missingBucketLabel\": \"Missing\", \"otherBucketLabel\": \"Other\"}}, \"params\": {}}, {\"accessor\": 2, \"aggType\": \"terms\", \"format\": {\"id\": \"terms\", \"params\": {\"id\": \"string\", \"missingBucketLabel\": \"Missing\", \"otherBucketLabel\": \"Other\"}}, \"params\": {}}], \"metrics\": [{\"accessor\": 3, \"aggType\": \"count\", \"format\": {\"id\": \"number\"}, \"params\": {}}]}, \"perPage\": 10, \"showMetricsAtAllLevels\": false, \"showPartialRows\": false, \"showTotal\": false, \"sort\": {\"columnIndex\": null, \"direction\": null}, \"totalFunc\": \"sum\"}, \"title\": \"Users Enabled - Table [Winlogbeat Security]\", \"type\": \"table\"}"
            },
            "id": "0620c3d0-bcd4-11e9-b6a2-c9b4015c4baf",
            "migrationVersion": {
                "visualization": "7.7.0"
            },
            "references": [
                {
                    "id": "winlogbeat-*",
                    "name": "kibanaSavedObjectMeta.searchSourceJSON.index",
                    "type": "index-pattern"
                },
                {
                    "id": "winlogbeat-*",
                    "name": "kibanaSavedObjectMeta.searchSourceJSON.filter[0].meta.index",
                    "type": "index-pattern"
                }
            ],
            "type": "visualization",
            "updated_at": "2020-06-04T16:26:25.228Z",
            "version": "Wzg5LDFd"
        },
        {
            "attributes": {
                "description": "",
                "kibanaSavedObjectMeta": {
                    "searchSourceJSON": "{\"filter\": [{\"$state\": {\"store\": \"appState\"}, \"meta\": {\"alias\": null, \"disabled\": false, \"indexRefName\": \"kibanaSavedObjectMeta.searchSourceJSON.filter[0].meta.index\", \"key\": \"event.code\", \"negate\": false, \"params\": {\"query\": \"4725\"}, \"type\": \"phrase\", \"value\": \"4725\"}, \"query\": {\"match\": {\"event.code\": {\"query\": \"4725\", \"type\": \"phrase\"}}}}], \"indexRefName\": \"kibanaSavedObjectMeta.searchSourceJSON.index\", \"query\": {\"language\": \"kuery\", \"query\": \"\"}}"
                },
                "title": "Users Disabled - Table [Winlogbeat Security]",
                "uiStateJSON": "{\"vis\": {\"params\": {\"sort\": {\"columnIndex\": null, \"direction\": null}}}}",
                "version": 1,
                "visState": "{\"aggs\": [{\"enabled\": true, \"id\": \"1\", \"params\": {}, \"schema\": \"metric\", \"type\": \"count\"}, {\"enabled\": true, \"id\": \"2\", \"params\": {\"customLabel\": \"Disabled User\", \"field\": \"winlog.event_data.TargetUserName\", \"missingBucket\": false, \"missingBucketLabel\": \"Missing\", \"order\": \"desc\", \"orderBy\": \"1\", \"otherBucket\": false, \"otherBucketLabel\": \"Other\", \"size\": 100}, \"schema\": \"bucket\", \"type\": \"terms\"}, {\"enabled\": true, \"id\": \"3\", \"params\": {\"customLabel\": \"Performed by\", \"field\": \"winlog.event_data.SubjectUserName\", \"missingBucket\": true, \"missingBucketLabel\": \"Missing\", \"order\": \"desc\", \"orderBy\": \"1\", \"otherBucket\": false, \"otherBucketLabel\": \"Other\", \"size\": 5}, \"schema\": \"bucket\", \"type\": \"terms\"}, {\"enabled\": true, \"id\": \"4\", \"params\": {\"customLabel\": \"Performer LogonId\", \"field\": \"winlog.logon.id\", \"missingBucket\": false, \"missingBucketLabel\": \"Missing\", \"order\": \"desc\", \"orderBy\": \"1\", \"otherBucket\": false, \"otherBucketLabel\": \"Other\", \"size\": 5}, \"schema\": \"bucket\", \"type\": \"terms\"}], \"params\": {\"dimensions\": {\"buckets\": [{\"accessor\": 0, \"aggType\": \"terms\", \"format\": {\"id\": \"terms\", \"params\": {\"id\": \"string\", \"missingBucketLabel\": \"Missing\", \"otherBucketLabel\": \"Other\"}}, \"params\": {}}, {\"accessor\": 1, \"aggType\": \"terms\", \"format\": {\"id\": \"terms\", \"params\": {\"id\": \"string\", \"missingBucketLabel\": \"Missing\", \"otherBucketLabel\": \"Other\"}}, \"params\": {}}, {\"accessor\": 2, \"aggType\": \"terms\", \"format\": {\"id\": \"terms\", \"params\": {\"id\": \"string\", \"missingBucketLabel\": \"Missing\", \"otherBucketLabel\": \"Other\"}}, \"params\": {}}], \"metrics\": [{\"accessor\": 3, \"aggType\": \"count\", \"format\": {\"id\": \"number\"}, \"params\": {}}]}, \"perPage\": 10, \"showMetricsAtAllLevels\": false, \"showPartialRows\": false, \"showTotal\": false, \"sort\": {\"columnIndex\": null, \"direction\": null}, \"totalFunc\": \"sum\"}, \"title\": \"Users Disabled - Table [Winlogbeat Security]\", \"type\": \"table\"}"
            },
            "id": "8f20c950-bcd4-11e9-b6a2-c9b4015c4baf",
            "migrationVersion": {
                "visualization": "7.7.0"
            },
            "references": [
                {
                    "id": "winlogbeat-*",
                    "name": "kibanaSavedObjectMeta.searchSourceJSON.index",
                    "type": "index-pattern"
                },
                {
                    "id": "winlogbeat-*",
                    "name": "kibanaSavedObjectMeta.searchSourceJSON.filter[0].meta.index",
                    "type": "index-pattern"
                }
            ],
            "type": "visualization",
            "updated_at": "2020-06-04T16:26:25.228Z",
            "version": "WzkwLDFd"
        },
        {
            "attributes": {
                "description": "",
                "kibanaSavedObjectMeta": {
                    "searchSourceJSON": "{\"filter\": [{\"$state\": {\"store\": \"appState\"}, \"meta\": {\"alias\": null, \"disabled\": false, \"indexRefName\": \"kibanaSavedObjectMeta.searchSourceJSON.filter[0].meta.index\", \"key\": \"event.code\", \"negate\": false, \"params\": {\"query\": \"4726\"}, \"type\": \"phrase\", \"value\": \"4726\"}, \"query\": {\"match\": {\"event.code\": {\"query\": \"4726\", \"type\": \"phrase\"}}}}], \"indexRefName\": \"kibanaSavedObjectMeta.searchSourceJSON.index\", \"query\": {\"language\": \"kuery\", \"query\": \"\"}}"
                },
                "title": "Users Deleted - Table [Winlogbeat Security]",
                "uiStateJSON": "{\"vis\": {\"params\": {\"sort\": {\"columnIndex\": null, \"direction\": null}}}}",
                "version": 1,
                "visState": "{\"aggs\": [{\"enabled\": true, \"id\": \"1\", \"params\": {}, \"schema\": \"metric\", \"type\": \"count\"}, {\"enabled\": true, \"id\": \"2\", \"params\": {\"customLabel\": \"Deleted User\", \"field\": \"winlog.event_data.TargetUserName\", \"missingBucket\": false, \"missingBucketLabel\": \"Missing\", \"order\": \"desc\", \"orderBy\": \"1\", \"otherBucket\": false, \"otherBucketLabel\": \"Other\", \"size\": 100}, \"schema\": \"bucket\", \"type\": \"terms\"}, {\"enabled\": true, \"id\": \"3\", \"params\": {\"customLabel\": \"Performed by\", \"field\": \"winlog.event_data.SubjectUserName\", \"missingBucket\": true, \"missingBucketLabel\": \"Missing\", \"order\": \"desc\", \"orderBy\": \"1\", \"otherBucket\": false, \"otherBucketLabel\": \"Other\", \"size\": 5}, \"schema\": \"bucket\", \"type\": \"terms\"}, {\"enabled\": true, \"id\": \"4\", \"params\": {\"customLabel\": \"Performed LogonId\", \"field\": \"winlog.logon.id\", \"missingBucket\": false, \"missingBucketLabel\": \"Missing\", \"order\": \"desc\", \"orderBy\": \"1\", \"otherBucket\": false, \"otherBucketLabel\": \"Other\", \"size\": 5}, \"schema\": \"bucket\", \"type\": \"terms\"}], \"params\": {\"dimensions\": {\"buckets\": [{\"accessor\": 0, \"aggType\": \"terms\", \"format\": {\"id\": \"terms\", \"params\": {\"id\": \"string\", \"missingBucketLabel\": \"Missing\", \"otherBucketLabel\": \"Other\"}}, \"params\": {}}, {\"accessor\": 1, \"aggType\": \"terms\", \"format\": {\"id\": \"terms\", \"params\": {\"id\": \"string\", \"missingBucketLabel\": \"Missing\", \"otherBucketLabel\": \"Other\"}}, \"params\": {}}, {\"accessor\": 2, \"aggType\": \"terms\", \"format\": {\"id\": \"terms\", \"params\": {\"id\": \"string\", \"missingBucketLabel\": \"Missing\", \"otherBucketLabel\": \"Other\"}}, \"params\": {}}], \"metrics\": [{\"accessor\": 3, \"aggType\": \"count\", \"format\": {\"id\": \"number\"}, \"params\": {}}]}, \"perPage\": 10, \"showMetricsAtAllLevels\": false, \"showPartialRows\": false, \"showTotal\": false, \"sort\": {\"columnIndex\": null, \"direction\": null}, \"totalFunc\": \"sum\"}, \"title\": \"Users Deleted - Table [Winlogbeat Security]\", \"type\": \"table\"}"
            },
            "id": "ee0319a0-bcd4-11e9-b6a2-c9b4015c4baf",
            "migrationVersion": {
                "visualization": "7.7.0"
            },
            "references": [
                {
                    "id": "winlogbeat-*",
                    "name": "kibanaSavedObjectMeta.searchSourceJSON.index",
                    "type": "index-pattern"
                },
                {
                    "id": "winlogbeat-*",
                    "name": "kibanaSavedObjectMeta.searchSourceJSON.filter[0].meta.index",
                    "type": "index-pattern"
                }
            ],
            "type": "visualization",
            "updated_at": "2020-06-04T16:26:25.228Z",
            "version": "WzkxLDFd"
        },
        {
            "attributes": {
                "description": "",
                "kibanaSavedObjectMeta": {
                    "searchSourceJSON": "{\"filter\": [{\"$state\": {\"store\": \"appState\"}, \"meta\": {\"alias\": null, \"disabled\": false, \"indexRefName\": \"kibanaSavedObjectMeta.searchSourceJSON.filter[0].meta.index\", \"key\": \"event.code\", \"negate\": false, \"params\": [\"4723\", \"4724\"], \"type\": \"phrases\", \"value\": \"4723, 4724\"}, \"query\": {\"bool\": {\"minimum_should_match\": 1, \"should\": [{\"match_phrase\": {\"event.code\": \"4723\"}}, {\"match_phrase\": {\"event.code\": \"4724\"}}]}}}], \"indexRefName\": \"kibanaSavedObjectMeta.searchSourceJSON.index\", \"query\": {\"language\": \"kuery\", \"query\": \"\"}}"
                },
                "title": "Users Password Changes - Table [Winlogbeat Security]",
                "uiStateJSON": "{\"vis\": {\"params\": {\"sort\": {\"columnIndex\": null, \"direction\": null}}}}",
                "version": 1,
                "visState": "{\"aggs\": [{\"enabled\": true, \"id\": \"1\", \"params\": {}, \"schema\": \"metric\", \"type\": \"count\"}, {\"enabled\": true, \"id\": \"2\", \"params\": {\"customLabel\": \"Password Change to\", \"field\": \"winlog.event_data.TargetUserName\", \"missingBucket\": false, \"missingBucketLabel\": \"Missing\", \"order\": \"desc\", \"orderBy\": \"1\", \"otherBucket\": false, \"otherBucketLabel\": \"Other\", \"size\": 100}, \"schema\": \"bucket\", \"type\": \"terms\"}, {\"enabled\": true, \"id\": \"3\", \"params\": {\"customLabel\": \"Performed by\", \"field\": \"winlog.event_data.SubjectUserName\", \"missingBucket\": true, \"missingBucketLabel\": \"Missing\", \"order\": \"desc\", \"orderBy\": \"1\", \"otherBucket\": false, \"otherBucketLabel\": \"Other\", \"size\": 5}, \"schema\": \"bucket\", \"type\": \"terms\"}, {\"enabled\": true, \"id\": \"4\", \"params\": {\"customLabel\": \"Performer LogonId\", \"field\": \"winlog.logon.id\", \"missingBucket\": false, \"missingBucketLabel\": \"Missing\", \"order\": \"desc\", \"orderBy\": \"1\", \"otherBucket\": false, \"otherBucketLabel\": \"Other\", \"size\": 5}, \"schema\": \"bucket\", \"type\": \"terms\"}], \"params\": {\"dimensions\": {\"buckets\": [{\"accessor\": 0, \"aggType\": \"terms\", \"format\": {\"id\": \"terms\", \"params\": {\"id\": \"string\", \"missingBucketLabel\": \"Missing\", \"otherBucketLabel\": \"Other\"}}, \"params\": {}}, {\"accessor\": 1, \"aggType\": \"terms\", \"format\": {\"id\": \"terms\", \"params\": {\"id\": \"string\", \"missingBucketLabel\": \"Missing\", \"otherBucketLabel\": \"Other\"}}, \"params\": {}}, {\"accessor\": 2, \"aggType\": \"terms\", \"format\": {\"id\": \"terms\", \"params\": {\"id\": \"string\", \"missingBucketLabel\": \"Missing\", \"otherBucketLabel\": \"Other\"}}, \"params\": {}}], \"metrics\": [{\"accessor\": 3, \"aggType\": \"count\", \"format\": {\"id\": \"number\"}, \"params\": {}}]}, \"perPage\": 10, \"showMetricsAtAllLevels\": false, \"showPartialRows\": false, \"showTotal\": false, \"sort\": {\"columnIndex\": null, \"direction\": null}, \"totalFunc\": \"sum\"}, \"title\": \"Users Password Changes - Table [Winlogbeat Security]\", \"type\": \"table\"}"
            },
            "id": "da5ffe40-bcd9-11e9-b6a2-c9b4015c4baf",
            "migrationVersion": {
                "visualization": "7.7.0"
            },
            "references": [
                {
                    "id": "winlogbeat-*",
                    "name": "kibanaSavedObjectMeta.searchSourceJSON.index",
                    "type": "index-pattern"
                },
                {
                    "id": "winlogbeat-*",
                    "name": "kibanaSavedObjectMeta.searchSourceJSON.filter[0].meta.index",
                    "type": "index-pattern"
                }
            ],
            "type": "visualization",
            "updated_at": "2020-06-04T16:26:25.228Z",
            "version": "WzkyLDFd"
        },
        {
            "attributes": {
                "description": "",
                "kibanaSavedObjectMeta": {
                    "searchSourceJSON": "{\"filter\": [{\"$state\": {\"store\": \"appState\"}, \"meta\": {\"alias\": null, \"disabled\": false, \"indexRefName\": \"kibanaSavedObjectMeta.searchSourceJSON.filter[0].meta.index\", \"key\": \"event.code\", \"negate\": false, \"params\": {\"query\": \"4767\"}, \"type\": \"phrase\", \"value\": \"4767\"}, \"query\": {\"match\": {\"event.code\": {\"query\": \"4767\", \"type\": \"phrase\"}}}}], \"indexRefName\": \"kibanaSavedObjectMeta.searchSourceJSON.index\", \"query\": {\"language\": \"kuery\", \"query\": \"\"}}"
                },
                "title": "Unlocked Users - Table [Winlogbeat Security]",
                "uiStateJSON": "{\"vis\": {\"params\": {\"sort\": {\"columnIndex\": null, \"direction\": null}}}}",
                "version": 1,
                "visState": "{\"aggs\": [{\"enabled\": true, \"id\": \"1\", \"params\": {}, \"schema\": \"metric\", \"type\": \"count\"}, {\"enabled\": true, \"id\": \"2\", \"params\": {\"customLabel\": \"Unlocked User\", \"field\": \"winlog.event_data.TargetUserName\", \"missingBucket\": false, \"missingBucketLabel\": \"Missing\", \"order\": \"desc\", \"orderBy\": \"1\", \"otherBucket\": false, \"otherBucketLabel\": \"Other\", \"size\": 100}, \"schema\": \"bucket\", \"type\": \"terms\"}, {\"enabled\": true, \"id\": \"3\", \"params\": {\"customLabel\": \"Performed by\", \"field\": \"winlog.event_data.SubjectUserName\", \"missingBucket\": true, \"missingBucketLabel\": \"Missing\", \"order\": \"desc\", \"orderBy\": \"1\", \"otherBucket\": false, \"otherBucketLabel\": \"Other\", \"size\": 5}, \"schema\": \"bucket\", \"type\": \"terms\"}, {\"enabled\": true, \"id\": \"4\", \"params\": {\"customLabel\": \"Performer Logonid\", \"field\": \"winlog.logon.id\", \"missingBucket\": false, \"missingBucketLabel\": \"Missing\", \"order\": \"desc\", \"orderBy\": \"1\", \"otherBucket\": false, \"otherBucketLabel\": \"Other\", \"size\": 5}, \"schema\": \"bucket\", \"type\": \"terms\"}], \"params\": {\"dimensions\": {\"buckets\": [{\"accessor\": 0, \"aggType\": \"terms\", \"format\": {\"id\": \"terms\", \"params\": {\"id\": \"string\", \"missingBucketLabel\": \"Missing\", \"otherBucketLabel\": \"Other\"}}, \"params\": {}}, {\"accessor\": 1, \"aggType\": \"terms\", \"format\": {\"id\": \"terms\", \"params\": {\"id\": \"string\", \"missingBucketLabel\": \"Missing\", \"otherBucketLabel\": \"Other\"}}, \"params\": {}}, {\"accessor\": 2, \"aggType\": \"terms\", \"format\": {\"id\": \"terms\", \"params\": {\"id\": \"string\", \"missingBucketLabel\": \"Missing\", \"otherBucketLabel\": \"Other\"}}, \"params\": {}}], \"metrics\": [{\"accessor\": 3, \"aggType\": \"count\", \"format\": {\"id\": \"number\"}, \"params\": {}}]}, \"perPage\": 10, \"showMetricsAtAllLevels\": false, \"showPartialRows\": false, \"showTotal\": false, \"sort\": {\"columnIndex\": null, \"direction\": null}, \"totalFunc\": \"sum\"}, \"title\": \"Unlocked Users - Table [Winlogbeat Security]\", \"type\": \"table\"}"
            },
            "id": "da2110c0-bcea-11e9-b6a2-c9b4015c4baf",
            "migrationVersion": {
                "visualization": "7.7.0"
            },
            "references": [
                {
                    "id": "winlogbeat-*",
                    "name": "kibanaSavedObjectMeta.searchSourceJSON.index",
                    "type": "index-pattern"
                },
                {
                    "id": "winlogbeat-*",
                    "name": "kibanaSavedObjectMeta.searchSourceJSON.filter[0].meta.index",
                    "type": "index-pattern"
                }
            ],
            "type": "visualization",
            "updated_at": "2020-06-04T16:26:25.228Z",
            "version": "Wzk4LDFd"
        },
        {
            "attributes": {
                "description": "",
                "kibanaSavedObjectMeta": {
                    "searchSourceJSON": "{\"filter\": [{\"$state\": {\"store\": \"appState\"}, \"meta\": {\"alias\": null, \"disabled\": false, \"indexRefName\": \"kibanaSavedObjectMeta.searchSourceJSON.filter[0].meta.index\", \"key\": \"event.code\", \"negate\": false, \"params\": {\"query\": \"4738\"}, \"type\": \"phrase\", \"value\": \"4738\"}, \"query\": {\"match\": {\"event.code\": {\"query\": \"4738\", \"type\": \"phrase\"}}}}], \"indexRefName\": \"kibanaSavedObjectMeta.searchSourceJSON.index\", \"query\": {\"language\": \"kuery\", \"query\": \"\"}}"
                },
                "title": "Users Changes  Table [Winlogbeat Security]",
                "uiStateJSON": "{\"vis\": {\"params\": {\"sort\": {\"columnIndex\": null, \"direction\": null}}}}",
                "version": 1,
                "visState": "{\"aggs\": [{\"enabled\": true, \"id\": \"1\", \"params\": {}, \"schema\": \"metric\", \"type\": \"count\"}, {\"enabled\": true, \"id\": \"2\", \"params\": {\"customLabel\": \"Changed  User\", \"field\": \"winlog.event_data.TargetUserName\", \"missingBucket\": false, \"missingBucketLabel\": \"Missing\", \"order\": \"desc\", \"orderBy\": \"1\", \"otherBucket\": false, \"otherBucketLabel\": \"Other\", \"size\": 100}, \"schema\": \"bucket\", \"type\": \"terms\"}, {\"enabled\": true, \"id\": \"3\", \"params\": {\"customLabel\": \"Performed by\", \"field\": \"winlog.event_data.SubjectUserName\", \"missingBucket\": true, \"missingBucketLabel\": \"Missing\", \"order\": \"desc\", \"orderBy\": \"1\", \"otherBucket\": false, \"otherBucketLabel\": \"Other\", \"size\": 5}, \"schema\": \"bucket\", \"type\": \"terms\"}, {\"enabled\": true, \"id\": \"4\", \"params\": {\"customLabel\": \"Performer LogonId\", \"field\": \"winlog.logon.id\", \"missingBucket\": false, \"missingBucketLabel\": \"Missing\", \"order\": \"desc\", \"orderBy\": \"1\", \"otherBucket\": false, \"otherBucketLabel\": \"Other\", \"size\": 5}, \"schema\": \"bucket\", \"type\": \"terms\"}], \"params\": {\"dimensions\": {\"buckets\": [{\"accessor\": 0, \"aggType\": \"terms\", \"format\": {\"id\": \"terms\", \"params\": {\"id\": \"string\", \"missingBucketLabel\": \"Missing\", \"otherBucketLabel\": \"Other\"}}, \"params\": {}}, {\"accessor\": 1, \"aggType\": \"terms\", \"format\": {\"id\": \"terms\", \"params\": {\"id\": \"string\", \"missingBucketLabel\": \"Missing\", \"otherBucketLabel\": \"Other\"}}, \"params\": {}}, {\"accessor\": 2, \"aggType\": \"terms\", \"format\": {\"id\": \"terms\", \"params\": {\"id\": \"string\", \"missingBucketLabel\": \"Missing\", \"otherBucketLabel\": \"Other\"}}, \"params\": {}}], \"metrics\": [{\"accessor\": 3, \"aggType\": \"count\", \"format\": {\"id\": \"number\"}, \"params\": {}}]}, \"perPage\": 10, \"showMetricsAtAllLevels\": false, \"showPartialRows\": false, \"showTotal\": false, \"sort\": {\"columnIndex\": null, \"direction\": null}, \"totalFunc\": \"sum\"}, \"title\": \"Users Changes  Table [Winlogbeat Security]\", \"type\": \"table\"}"
            },
            "id": "abf96c10-bcea-11e9-b6a2-c9b4015c4baf",
            "migrationVersion": {
                "visualization": "7.7.0"
            },
            "references": [
                {
                    "id": "winlogbeat-*",
                    "name": "kibanaSavedObjectMeta.searchSourceJSON.index",
                    "type": "index-pattern"
                },
                {
                    "id": "winlogbeat-*",
                    "name": "kibanaSavedObjectMeta.searchSourceJSON.filter[0].meta.index",
                    "type": "index-pattern"
                }
            ],
            "type": "visualization",
            "updated_at": "2020-06-04T16:26:25.228Z",
            "version": "Wzk5LDFd"
        },
        {
            "attributes": {
                "description": "",
                "kibanaSavedObjectMeta": {
                    "searchSourceJSON": "{\"filter\": [{\"$state\": {\"store\": \"appState\"}, \"meta\": {\"alias\": null, \"disabled\": false, \"indexRefName\": \"kibanaSavedObjectMeta.searchSourceJSON.filter[0].meta.index\", \"key\": \"event.code\", \"negate\": false, \"params\": {\"query\": \"4740\"}, \"type\": \"phrase\", \"value\": \"4740\"}, \"query\": {\"match\": {\"event.code\": {\"query\": \"4740\", \"type\": \"phrase\"}}}}], \"indexRefName\": \"kibanaSavedObjectMeta.searchSourceJSON.index\", \"query\": {\"language\": \"kuery\", \"query\": \"\"}}"
                },
                "title": "Users Locked Out - Table [Winlogbeat Security]",
                "uiStateJSON": "{\"vis\": {\"params\": {\"sort\": {\"columnIndex\": null, \"direction\": null}}}}",
                "version": 1,
                "visState": "{\"aggs\": [{\"enabled\": true, \"id\": \"1\", \"params\": {}, \"schema\": \"metric\", \"type\": \"count\"}, {\"enabled\": true, \"id\": \"2\", \"params\": {\"customLabel\": \"Locked  User\", \"field\": \"winlog.event_data.TargetUserName\", \"missingBucket\": false, \"missingBucketLabel\": \"Missing\", \"order\": \"desc\", \"orderBy\": \"1\", \"otherBucket\": false, \"otherBucketLabel\": \"Other\", \"size\": 100}, \"schema\": \"bucket\", \"type\": \"terms\"}, {\"enabled\": true, \"id\": \"3\", \"params\": {\"customLabel\": \"Performed by\", \"field\": \"winlog.event_data.SubjectUserName\", \"missingBucket\": true, \"missingBucketLabel\": \"Missing\", \"order\": \"desc\", \"orderBy\": \"1\", \"otherBucket\": false, \"otherBucketLabel\": \"Other\", \"size\": 5}, \"schema\": \"bucket\", \"type\": \"terms\"}, {\"enabled\": true, \"id\": \"4\", \"params\": {\"customLabel\": \"Performer LogonId\", \"field\": \"winlog.logon.id\", \"missingBucket\": false, \"missingBucketLabel\": \"Missing\", \"order\": \"desc\", \"orderBy\": \"1\", \"otherBucket\": false, \"otherBucketLabel\": \"Other\", \"size\": 5}, \"schema\": \"bucket\", \"type\": \"terms\"}], \"params\": {\"dimensions\": {\"buckets\": [{\"accessor\": 0, \"aggType\": \"terms\", \"format\": {\"id\": \"terms\", \"params\": {\"id\": \"string\", \"missingBucketLabel\": \"Missing\", \"otherBucketLabel\": \"Other\"}}, \"params\": {}}, {\"accessor\": 1, \"aggType\": \"terms\", \"format\": {\"id\": \"terms\", \"params\": {\"id\": \"string\", \"missingBucketLabel\": \"Missing\", \"otherBucketLabel\": \"Other\"}}, \"params\": {}}, {\"accessor\": 2, \"aggType\": \"terms\", \"format\": {\"id\": \"terms\", \"params\": {\"id\": \"string\", \"missingBucketLabel\": \"Missing\", \"otherBucketLabel\": \"Other\"}}, \"params\": {}}], \"metrics\": [{\"accessor\": 3, \"aggType\": \"count\", \"format\": {\"id\": \"number\"}, \"params\": {}}]}, \"perPage\": 10, \"showMetricsAtAllLevels\": false, \"showPartialRows\": false, \"showTotal\": false, \"sort\": {\"columnIndex\": null, \"direction\": null}, \"totalFunc\": \"sum\"}, \"title\": \"Users Locked Out - Table [Winlogbeat Security]\", \"type\": \"table\"}"
            },
            "id": "4ac8f5f0-bcfe-11e9-b6a2-c9b4015c4baf",
            "migrationVersion": {
                "visualization": "7.7.0"
            },
            "references": [
                {
                    "id": "winlogbeat-*",
                    "name": "kibanaSavedObjectMeta.searchSourceJSON.index",
                    "type": "index-pattern"
                },
                {
                    "id": "winlogbeat-*",
                    "name": "kibanaSavedObjectMeta.searchSourceJSON.filter[0].meta.index",
                    "type": "index-pattern"
                }
            ],
            "type": "visualization",
            "updated_at": "2020-06-04T16:26:25.228Z",
            "version": "WzEwMywxXQ=="
        },
        {
            "attributes": {
                "columns": [
                    "user.name",
                    "source.domain",
                    "source.ip",
                    "winlog.logon.id",
                    "winlog.logon.type"
                ],
                "description": "",
                "hits": 0,
                "kibanaSavedObjectMeta": {
                    "searchSourceJSON": "{\"filter\": [{\"$state\": {\"store\": \"appState\"}, \"meta\": {\"alias\": null, \"disabled\": false, \"indexRefName\": \"kibanaSavedObjectMeta.searchSourceJSON.filter[0].meta.index\", \"key\": \"event.code\", \"negate\": false, \"params\": [\"4624\"], \"type\": \"phrases\", \"value\": \"4624\"}, \"query\": {\"bool\": {\"minimum_should_match\": 1, \"should\": [{\"match_phrase\": {\"event.code\": \"4624\"}}]}}}], \"highlightAll\": true, \"indexRefName\": \"kibanaSavedObjectMeta.searchSourceJSON.index\", \"query\": {\"language\": \"kuery\", \"query\": \"\"}, \"version\": true}"
                },
                "sort": [
                    [
                        "@timestamp",
                        "desc"
                    ]
                ],
                "title": "Logon Details [Winlogbeat Security]",
                "version": 1
            },
            "id": "7e178c80-fee1-11e9-8405-516218e3d268",
            "migrationVersion": {
                "search": "7.4.0"
            },
            "references": [
                {
                    "id": "winlogbeat-*",
                    "name": "kibanaSavedObjectMeta.searchSourceJSON.index",
                    "type": "index-pattern"
                },
                {
                    "id": "winlogbeat-*",
                    "name": "kibanaSavedObjectMeta.searchSourceJSON.filter[0].meta.index",
                    "type": "index-pattern"
                }
            ],
            "type": "search",
            "updated_at": "2020-06-04T16:26:27.206Z",
            "version": "WzE0MywxXQ=="
        },
        {
            "attributes": {
                "columns": [
                    "event.action",
                    "winlog.event_data.TargetUserName",
                    "user.domain",
                    "user.name",
                    "winlog.event_data.SubjectDomainName",
                    "winlog.logon.id",
                    "related.user"
                ],
                "description": "",
                "hits": 0,
                "kibanaSavedObjectMeta": {
                    "searchSourceJSON": "{\"filter\": [{\"$state\": {\"store\": \"appState\"}, \"meta\": {\"alias\": null, \"disabled\": false, \"indexRefName\": \"kibanaSavedObjectMeta.searchSourceJSON.filter[0].meta.index\", \"key\": \"event.code\", \"negate\": false, \"params\": [\"4720\", \"4722\", \"4723\", \"4724\", \"4725\", \"4726\", \"4738\", \"4740\", \"4767\", \"4781\", \"4798\"], \"type\": \"phrases\", \"value\": \"4720, 4722, 4723, 4724, 4725, 4726, 4738, 4740, 4767, 4781, 4798\"}, \"query\": {\"bool\": {\"minimum_should_match\": 1, \"should\": [{\"match_phrase\": {\"event.code\": \"4720\"}}, {\"match_phrase\": {\"event.code\": \"4722\"}}, {\"match_phrase\": {\"event.code\": \"4723\"}}, {\"match_phrase\": {\"event.code\": \"4724\"}}, {\"match_phrase\": {\"event.code\": \"4725\"}}, {\"match_phrase\": {\"event.code\": \"4726\"}}, {\"match_phrase\": {\"event.code\": \"4738\"}}, {\"match_phrase\": {\"event.code\": \"4740\"}}, {\"match_phrase\": {\"event.code\": \"4767\"}}, {\"match_phrase\": {\"event.code\": \"4781\"}}, {\"match_phrase\": {\"event.code\": \"4798\"}}]}}}], \"highlightAll\": true, \"indexRefName\": \"kibanaSavedObjectMeta.searchSourceJSON.index\", \"query\": {\"language\": \"lucene\", \"query\": \"\"}, \"version\": true}"
                },
                "sort": [
                    [
                        "@timestamp",
                        "desc"
                    ]
                ],
                "title": "User management Details - Search [Winlogbeat Security]",
                "version": 1
            },
            "id": "324686c0-fefb-11e9-8405-516218e3d268",
            "migrationVersion": {
                "search": "7.4.0"
            },
            "references": [
                {
                    "id": "winlogbeat-*",
                    "name": "kibanaSavedObjectMeta.searchSourceJSON.index",
                    "type": "index-pattern"
                },
                {
                    "id": "winlogbeat-*",
                    "name": "kibanaSavedObjectMeta.searchSourceJSON.filter[0].meta.index",
                    "type": "index-pattern"
                }
            ],
            "type": "search",
            "updated_at": "2020-06-04T16:26:25.228Z",
            "version": "WzEwNSwxXQ=="
        },
        {
            "attributes": {
                "description": "",
                "kibanaSavedObjectMeta": {
                    "searchSourceJSON": "{\"filter\": [], \"query\": {\"language\": \"lucene\", \"query\": \"\"}}"
                },
                "title": "Users Disabled - TSVB  Metric [Winlogbeat Security]",
                "uiStateJSON": "{}",
                "version": 1,
                "visState": "{\"aggs\": [], \"params\": {\"axis_formatter\": \"number\", \"axis_position\": \"left\", \"axis_scale\": \"normal\", \"background_color_rules\": [{\"background_color\": \"rgba(204,204,204,1)\", \"id\": \"8d597960-ff18-11e9-8249-2371c695f3b0\", \"operator\": \"lte\", \"value\": 0}, {\"background_color\": \"rgba(79,147,150,1)\", \"id\": \"a3f59730-ff18-11e9-8249-2371c695f3b0\", \"operator\": \"gte\", \"value\": 1}], \"default_index_pattern\": \"packetbeat-*\", \"default_timefield\": \"@timestamp\", \"drop_last_bucket\": 0, \"filter\": {\"language\": \"kuery\", \"query\": \"event.code: \\\"4725\\\" \"}, \"id\": \"61ca57f0-469d-11e7-af02-69e470af7417\", \"index_pattern\": \"winlogbeat-*\", \"interval\": \"90d\", \"isModelInvalid\": false, \"series\": [{\"axis_position\": \"right\", \"chart_type\": \"line\", \"color\": \"#68BC00\", \"fill\": 0.5, \"formatter\": \"number\", \"id\": \"61ca57f1-469d-11e7-af02-69e470af7417\", \"label\": \"Users Disabled\", \"line_width\": 1, \"metrics\": [{\"id\": \"61ca57f2-469d-11e7-af02-69e470af7417\", \"type\": \"count\"}], \"point_size\": 1, \"separate_axis\": 0, \"split_mode\": \"everything\", \"stacked\": \"none\"}], \"show_grid\": 1, \"show_legend\": 1, \"time_field\": \"@timestamp\", \"time_range_mode\": \"entire_time_range\", \"type\": \"metric\"}, \"title\": \"Users Disabled - TSVB  Metric [Winlogbeat Security]\", \"type\": \"metrics\"}"
            },
            "id": "97c70300-ff1c-11e9-8405-516218e3d268",
            "migrationVersion": {
                "visualization": "7.7.0"
            },
            "references": [],
            "type": "visualization",
            "updated_at": "2020-06-04T16:26:24.183Z",
            "version": "WzcwLDFd"
        },
        {
            "attributes": {
                "description": "",
                "kibanaSavedObjectMeta": {
                    "searchSourceJSON": "{\"filter\": [], \"query\": {\"language\": \"lucene\", \"query\": \"\"}}"
                },
                "title": "Users Enabled - TSVB Metric [Winlogbeat Security]",
                "uiStateJSON": "{}",
                "version": 1,
                "visState": "{\"aggs\": [], \"params\": {\"axis_formatter\": \"number\", \"axis_position\": \"left\", \"axis_scale\": \"normal\", \"background_color_rules\": [{\"background_color\": \"rgba(204,204,204,1)\", \"id\": \"8d597960-ff18-11e9-8249-2371c695f3b0\", \"operator\": \"lte\", \"value\": 0}, {\"background_color\": \"rgba(203,142,136,1)\", \"id\": \"a3f59730-ff18-11e9-8249-2371c695f3b0\", \"operator\": \"gte\", \"value\": 1}], \"default_index_pattern\": \"packetbeat-*\", \"default_timefield\": \"@timestamp\", \"drop_last_bucket\": 0, \"filter\": {\"language\": \"kuery\", \"query\": \"event.code: \\\"4722\\\" \"}, \"id\": \"61ca57f0-469d-11e7-af02-69e470af7417\", \"index_pattern\": \"winlogbeat-*\", \"interval\": \"90d\", \"isModelInvalid\": false, \"series\": [{\"axis_position\": \"right\", \"chart_type\": \"line\", \"color\": \"#68BC00\", \"fill\": 0.5, \"formatter\": \"number\", \"id\": \"61ca57f1-469d-11e7-af02-69e470af7417\", \"label\": \"Users Enabled\", \"line_width\": 1, \"metrics\": [{\"id\": \"61ca57f2-469d-11e7-af02-69e470af7417\", \"type\": \"count\"}], \"point_size\": 1, \"separate_axis\": 0, \"split_mode\": \"everything\", \"stacked\": \"none\"}], \"show_grid\": 1, \"show_legend\": 1, \"time_field\": \"\", \"time_range_mode\": \"entire_time_range\", \"type\": \"metric\"}, \"title\": \"Users Enabled - TSVB Metric [Winlogbeat Security]\", \"type\": \"metrics\"}"
            },
            "id": "bf45dc50-ff1a-11e9-8405-516218e3d268",
            "migrationVersion": {
                "visualization": "7.7.0"
            },
            "references": [],
            "type": "visualization",
            "updated_at": "2020-06-04T16:26:24.183Z",
            "version": "WzcxLDFd"
        },
        {
            "attributes": {
                "description": "",
                "kibanaSavedObjectMeta": {
                    "searchSourceJSON": "{\"filter\": [], \"query\": {\"language\": \"lucene\", \"query\": \"\"}}"
                },
                "title": "Users Deleted - TSVB  Metric [Winlogbeat Security]",
                "uiStateJSON": "{}",
                "version": 1,
                "visState": "{\"aggs\": [], \"params\": {\"axis_formatter\": \"number\", \"axis_position\": \"left\", \"axis_scale\": \"normal\", \"background_color_rules\": [{\"background_color\": \"rgba(204,204,204,1)\", \"id\": \"8d597960-ff18-11e9-8249-2371c695f3b0\", \"operator\": \"lte\", \"value\": 0}, {\"background_color\": \"rgba(228,155,75,1)\", \"id\": \"a3f59730-ff18-11e9-8249-2371c695f3b0\", \"operator\": \"gte\", \"value\": 1}], \"default_index_pattern\": \"packetbeat-*\", \"default_timefield\": \"@timestamp\", \"drop_last_bucket\": 0, \"filter\": {\"language\": \"kuery\", \"query\": \"event.code: \\\"4726\\\" \"}, \"id\": \"61ca57f0-469d-11e7-af02-69e470af7417\", \"index_pattern\": \"winlogbeat-*\", \"interval\": \"90d\", \"isModelInvalid\": false, \"series\": [{\"axis_position\": \"right\", \"chart_type\": \"line\", \"color\": \"#68BC00\", \"fill\": 0.5, \"formatter\": \"number\", \"id\": \"61ca57f1-469d-11e7-af02-69e470af7417\", \"label\": \"Users Deleted\", \"line_width\": 1, \"metrics\": [{\"id\": \"61ca57f2-469d-11e7-af02-69e470af7417\", \"type\": \"count\"}], \"point_size\": 1, \"separate_axis\": 0, \"split_mode\": \"everything\", \"stacked\": \"none\"}], \"show_grid\": 1, \"show_legend\": 1, \"time_field\": \"@timestamp\", \"time_range_mode\": \"entire_time_range\", \"type\": \"metric\"}, \"title\": \"Users Deleted - TSVB  Metric [Winlogbeat Security]\", \"type\": \"metrics\"}"
            },
            "id": "7322f9f0-ff1c-11e9-8405-516218e3d268",
            "migrationVersion": {
                "visualization": "7.7.0"
            },
            "references": [],
            "type": "visualization",
            "updated_at": "2020-06-04T16:26:24.183Z",
            "version": "WzcyLDFd"
        },
        {
            "attributes": {
                "description": "",
                "kibanaSavedObjectMeta": {
                    "searchSourceJSON": "{\"filter\": [], \"query\": {\"language\": \"lucene\", \"query\": \"\"}}"
                },
                "title": "Users Created - TSVB  Metric [Winlogbeat Security]",
                "uiStateJSON": "{}",
                "version": 1,
                "visState": "{\"aggs\": [], \"params\": {\"axis_formatter\": \"number\", \"axis_position\": \"left\", \"axis_scale\": \"normal\", \"background_color_rules\": [{\"background_color\": \"rgba(204,204,204,1)\", \"id\": \"8d597960-ff18-11e9-8249-2371c695f3b0\", \"operator\": \"lte\", \"value\": 0}, {\"background_color\": \"rgba(181,99,93,1)\", \"id\": \"a3f59730-ff18-11e9-8249-2371c695f3b0\", \"operator\": \"gte\", \"value\": 1}], \"default_index_pattern\": \"packetbeat-*\", \"default_timefield\": \"@timestamp\", \"drop_last_bucket\": 0, \"filter\": {\"language\": \"kuery\", \"query\": \"event.code: \\\"4720\\\" \"}, \"id\": \"61ca57f0-469d-11e7-af02-69e470af7417\", \"index_pattern\": \"winlogbeat-*\", \"interval\": \"90d\", \"isModelInvalid\": false, \"series\": [{\"axis_position\": \"right\", \"chart_type\": \"line\", \"color\": \"#68BC00\", \"fill\": 0.5, \"formatter\": \"number\", \"id\": \"61ca57f1-469d-11e7-af02-69e470af7417\", \"label\": \"Users Created\", \"line_width\": 1, \"metrics\": [{\"id\": \"61ca57f2-469d-11e7-af02-69e470af7417\", \"type\": \"count\"}], \"point_size\": 1, \"separate_axis\": 0, \"split_mode\": \"everything\", \"stacked\": \"none\"}], \"show_grid\": 1, \"show_legend\": 1, \"time_field\": \"@timestamp\", \"time_range_mode\": \"entire_time_range\", \"type\": \"metric\"}, \"title\": \"Users Created - TSVB  Metric [Winlogbeat Security]\", \"type\": \"metrics\"}"
            },
            "id": "d3a5fec0-ff18-11e9-8405-516218e3d268",
            "migrationVersion": {
                "visualization": "7.7.0"
            },
            "references": [],
            "type": "visualization",
            "updated_at": "2020-06-04T16:26:24.183Z",
            "version": "WzczLDFd"
        },
        {
            "attributes": {
                "description": "",
                "kibanaSavedObjectMeta": {
                    "searchSourceJSON": "{\"filter\": [], \"query\": {\"language\": \"lucene\", \"query\": \"\"}}"
                },
                "title": "Users Unlocks - TSVB Metric [Winlogbeat Security]",
                "uiStateJSON": "{}",
                "version": 1,
                "visState": "{\"aggs\": [], \"params\": {\"axis_formatter\": \"number\", \"axis_position\": \"left\", \"axis_scale\": \"normal\", \"background_color_rules\": [{\"background_color\": \"rgba(204,204,204,1)\", \"id\": \"8d597960-ff18-11e9-8249-2371c695f3b0\", \"operator\": \"lte\", \"value\": 0}, {\"background_color\": \"rgba(116,167,167,1)\", \"id\": \"a3f59730-ff18-11e9-8249-2371c695f3b0\", \"operator\": \"gte\", \"value\": 1}], \"default_index_pattern\": \"packetbeat-*\", \"default_timefield\": \"@timestamp\", \"drop_last_bucket\": 0, \"filter\": {\"language\": \"kuery\", \"query\": \"event.code: \\\"4767\\\" \"}, \"id\": \"61ca57f0-469d-11e7-af02-69e470af7417\", \"index_pattern\": \"winlogbeat-*\", \"interval\": \"90d\", \"isModelInvalid\": false, \"series\": [{\"axis_position\": \"right\", \"chart_type\": \"line\", \"color\": \"#68BC00\", \"fill\": 0.5, \"formatter\": \"number\", \"id\": \"61ca57f1-469d-11e7-af02-69e470af7417\", \"label\": \"Users Unlocks\", \"line_width\": 1, \"metrics\": [{\"id\": \"61ca57f2-469d-11e7-af02-69e470af7417\", \"type\": \"count\"}], \"point_size\": 1, \"separate_axis\": 0, \"split_mode\": \"everything\", \"stacked\": \"none\"}], \"show_grid\": 1, \"show_legend\": 1, \"time_field\": \"@timestamp\", \"time_range_mode\": \"entire_time_range\", \"type\": \"metric\"}, \"title\": \"Users Unlocks - TSVB Metric [Winlogbeat Security]\", \"type\": \"metrics\"}"
            },
            "id": "1b6725f0-ff1d-11e9-8405-516218e3d268",
            "migrationVersion": {
                "visualization": "7.7.0"
            },
            "references": [],
            "type": "visualization",
            "updated_at": "2020-06-04T16:26:24.183Z",
            "version": "Wzc0LDFd"
        },
        {
            "attributes": {
                "description": "",
                "kibanaSavedObjectMeta": {
                    "searchSourceJSON": "{\"filter\": [], \"query\": {\"language\": \"lucene\", \"query\": \"\"}}"
                },
                "title": "Users Password Changes - TSVB Metric [Winlogbeat Security]",
                "uiStateJSON": "{}",
                "version": 1,
                "visState": "{\"aggs\": [], \"params\": {\"axis_formatter\": \"number\", \"axis_position\": \"left\", \"axis_scale\": \"normal\", \"background_color_rules\": [{\"background_color\": \"rgba(204,204,204,1)\", \"id\": \"8d597960-ff18-11e9-8249-2371c695f3b0\", \"operator\": \"lte\", \"value\": 0}, {\"background_color\": \"rgba(154,196,198,1)\", \"id\": \"a3f59730-ff18-11e9-8249-2371c695f3b0\", \"operator\": \"gte\", \"value\": 1}], \"default_index_pattern\": \"packetbeat-*\", \"default_timefield\": \"@timestamp\", \"drop_last_bucket\": 0, \"filter\": {\"language\": \"kuery\", \"query\": \"event.code: \\\"4723\\\"  OR event.code: \\\"4724\\\"\"}, \"id\": \"61ca57f0-469d-11e7-af02-69e470af7417\", \"index_pattern\": \"winlogbeat-*\", \"interval\": \"90d\", \"isModelInvalid\": false, \"series\": [{\"axis_position\": \"right\", \"chart_type\": \"line\", \"color\": \"#68BC00\", \"fill\": 0.5, \"formatter\": \"number\", \"id\": \"61ca57f1-469d-11e7-af02-69e470af7417\", \"label\": \"Password Changes/Reset\", \"line_width\": 1, \"metrics\": [{\"id\": \"61ca57f2-469d-11e7-af02-69e470af7417\", \"type\": \"count\"}], \"point_size\": 1, \"separate_axis\": 0, \"split_mode\": \"everything\", \"stacked\": \"none\"}], \"show_grid\": 1, \"show_legend\": 1, \"time_field\": \"@timestamp\", \"time_range_mode\": \"entire_time_range\", \"type\": \"metric\"}, \"title\": \"Users Password Changes - TSVB Metric [Winlogbeat Security]\", \"type\": \"metrics\"}"
            },
            "id": "60301890-ff1d-11e9-8405-516218e3d268",
            "migrationVersion": {
                "visualization": "7.7.0"
            },
            "references": [],
            "type": "visualization",
            "updated_at": "2020-06-04T16:26:24.183Z",
            "version": "Wzc1LDFd"
        },
        {
            "attributes": {
                "description": "",
                "kibanaSavedObjectMeta": {
                    "searchSourceJSON": "{\"filter\": [], \"query\": {\"language\": \"lucene\", \"query\": \"\"}}"
                },
                "title": "Users locked Out - TSVB Metric [Winlogbeat Security]",
                "uiStateJSON": "{}",
                "version": 1,
                "visState": "{\"aggs\": [], \"params\": {\"axis_formatter\": \"number\", \"axis_position\": \"left\", \"axis_scale\": \"normal\", \"background_color_rules\": [{\"background_color\": \"rgba(204,204,204,1)\", \"id\": \"8d597960-ff18-11e9-8249-2371c695f3b0\", \"operator\": \"lte\", \"value\": 0}, {\"background_color\": \"rgba(102,102,102,1)\", \"id\": \"a3f59730-ff18-11e9-8249-2371c695f3b0\", \"operator\": \"gte\", \"value\": 1}], \"default_index_pattern\": \"packetbeat-*\", \"default_timefield\": \"@timestamp\", \"drop_last_bucket\": 0, \"filter\": {\"language\": \"kuery\", \"query\": \"event.code: \\\"4740\\\"\"}, \"id\": \"61ca57f0-469d-11e7-af02-69e470af7417\", \"index_pattern\": \"winlogbeat-*\", \"interval\": \"90d\", \"isModelInvalid\": false, \"series\": [{\"axis_position\": \"right\", \"chart_type\": \"line\", \"color\": \"#68BC00\", \"fill\": 0.5, \"formatter\": \"number\", \"id\": \"61ca57f1-469d-11e7-af02-69e470af7417\", \"label\": \"Users Locked Out\", \"line_width\": 1, \"metrics\": [{\"id\": \"61ca57f2-469d-11e7-af02-69e470af7417\", \"type\": \"count\"}], \"point_size\": 1, \"separate_axis\": 0, \"split_mode\": \"everything\", \"stacked\": \"none\"}], \"show_grid\": 1, \"show_legend\": 1, \"time_field\": \"@timestamp\", \"time_range_mode\": \"entire_time_range\", \"type\": \"metric\"}, \"title\": \"Users locked Out - TSVB Metric [Winlogbeat Security]\", \"type\": \"metrics\"}"
            },
            "id": "9dd22440-ff1d-11e9-8405-516218e3d268",
            "migrationVersion": {
                "visualization": "7.7.0"
            },
            "references": [],
            "type": "visualization",
            "updated_at": "2020-06-04T16:26:24.183Z",
            "version": "Wzc2LDFd"
        },
        {
            "attributes": {
                "description": "",
                "kibanaSavedObjectMeta": {
                    "searchSourceJSON": "{\"filter\": [], \"query\": {\"language\": \"lucene\", \"query\": \"\"}}"
                },
                "title": "Users Changes TS VB Metric [Winlogbeat Security]",
                "uiStateJSON": "{}",
                "version": 1,
                "visState": "{\"aggs\": [], \"params\": {\"axis_formatter\": \"number\", \"axis_position\": \"left\", \"axis_scale\": \"normal\", \"background_color_rules\": [{\"background_color\": \"rgba(204,204,204,1)\", \"id\": \"8d597960-ff18-11e9-8249-2371c695f3b0\", \"operator\": \"lte\", \"value\": 0}, {\"background_color\": \"rgba(221,186,64,1)\", \"id\": \"a3f59730-ff18-11e9-8249-2371c695f3b0\", \"operator\": \"gte\", \"value\": 1}], \"default_index_pattern\": \"packetbeat-*\", \"default_timefield\": \"@timestamp\", \"drop_last_bucket\": 0, \"filter\": {\"language\": \"kuery\", \"query\": \"event.code: \\\"4738\\\" \"}, \"id\": \"61ca57f0-469d-11e7-af02-69e470af7417\", \"index_pattern\": \"winlogbeat-*\", \"interval\": \"90d\", \"isModelInvalid\": false, \"series\": [{\"axis_position\": \"right\", \"chart_type\": \"line\", \"color\": \"#68BC00\", \"fill\": 0.5, \"formatter\": \"number\", \"id\": \"61ca57f1-469d-11e7-af02-69e470af7417\", \"label\": \"Users Changes\", \"line_width\": 1, \"metrics\": [{\"id\": \"61ca57f2-469d-11e7-af02-69e470af7417\", \"type\": \"count\"}], \"point_size\": 1, \"separate_axis\": 0, \"split_mode\": \"everything\", \"stacked\": \"none\"}], \"show_grid\": 1, \"show_legend\": 1, \"time_field\": \"@timestamp\", \"time_range_mode\": \"entire_time_range\", \"type\": \"metric\"}, \"title\": \"Users Changes TS VB Metric [Winlogbeat Security]\", \"type\": \"metrics\"}"
            },
            "id": "c9d959f0-ff1d-11e9-8405-516218e3d268",
            "migrationVersion": {
                "visualization": "7.7.0"
            },
            "references": [],
            "type": "visualization",
            "updated_at": "2020-06-04T16:26:24.183Z",
            "version": "Wzc3LDFd"
        },
        {
            "attributes": {
                "description": "",
                "kibanaSavedObjectMeta": {
                    "searchSourceJSON": "{\"filter\": [], \"query\": {\"language\": \"lucene\", \"query\": \"\"}}"
                },
                "title": "Users Renamed TSVB Metric [Winlogbeat Security]",
                "uiStateJSON": "{}",
                "version": 1,
                "visState": "{\"aggs\": [], \"params\": {\"axis_formatter\": \"number\", \"axis_position\": \"left\", \"axis_scale\": \"normal\", \"background_color_rules\": [{\"background_color\": \"rgba(204,204,204,1)\", \"id\": \"8d597960-ff18-11e9-8249-2371c695f3b0\", \"operator\": \"lte\", \"value\": 0}, {\"background_color\": \"rgba(110,139,162,1)\", \"id\": \"a3f59730-ff18-11e9-8249-2371c695f3b0\", \"operator\": \"gte\", \"value\": 1}], \"default_index_pattern\": \"packetbeat-*\", \"default_timefield\": \"@timestamp\", \"drop_last_bucket\": 0, \"filter\": {\"language\": \"kuery\", \"query\": \"event.code: \\\"4781\\\"  \"}, \"id\": \"61ca57f0-469d-11e7-af02-69e470af7417\", \"index_pattern\": \"winlogbeat-*\", \"interval\": \"90d\", \"isModelInvalid\": false, \"series\": [{\"axis_position\": \"right\", \"chart_type\": \"line\", \"color\": \"#68BC00\", \"fill\": 0.5, \"formatter\": \"number\", \"id\": \"61ca57f1-469d-11e7-af02-69e470af7417\", \"label\": \"Users Renamed\", \"line_width\": 1, \"metrics\": [{\"id\": \"61ca57f2-469d-11e7-af02-69e470af7417\", \"type\": \"count\"}], \"point_size\": 1, \"separate_axis\": 0, \"split_mode\": \"everything\", \"stacked\": \"none\"}], \"show_grid\": 1, \"show_legend\": 1, \"time_field\": \"@timestamp\", \"time_range_mode\": \"entire_time_range\", \"type\": \"metric\"}, \"title\": \"Users Renamed TSVB Metric [Winlogbeat Security]\", \"type\": \"metrics\"}"
            },
            "id": "1f271bc0-231a-11ea-8405-516218e3d268",
            "migrationVersion": {
                "visualization": "7.7.0"
            },
            "references": [],
            "type": "visualization",
            "updated_at": "2020-06-04T16:26:24.183Z",
            "version": "Wzc4LDFd"
        },
        {
            "attributes": {
                "description": "",
                "kibanaSavedObjectMeta": {
                    "searchSourceJSON": "{\"filter\": [{\"$state\": {\"store\": \"appState\"}, \"meta\": {\"alias\": null, \"disabled\": false, \"indexRefName\": \"kibanaSavedObjectMeta.searchSourceJSON.filter[0].meta.index\", \"key\": \"event.code\", \"negate\": false, \"params\": {\"query\": \"4781\"}, \"type\": \"phrase\", \"value\": \"4781\"}, \"query\": {\"match\": {\"event.code\": {\"query\": \"4781\", \"type\": \"phrase\"}}}}], \"indexRefName\": \"kibanaSavedObjectMeta.searchSourceJSON.index\", \"query\": {\"language\": \"kuery\", \"query\": \"\"}}"
                },
                "title": "Users Renamed - Table [Winlogbeat Security]",
                "uiStateJSON": "{\"vis\": {\"params\": {\"sort\": {\"columnIndex\": null, \"direction\": null}}}}",
                "version": 1,
                "visState": "{\"aggs\": [{\"enabled\": true, \"id\": \"1\", \"params\": {}, \"schema\": \"metric\", \"type\": \"count\"}, {\"enabled\": true, \"id\": \"2\", \"params\": {\"customLabel\": \"Old User Name\", \"field\": \"winlog.event_data.OldTargetUserName\", \"missingBucket\": false, \"missingBucketLabel\": \"Missing\", \"order\": \"desc\", \"orderBy\": \"1\", \"otherBucket\": false, \"otherBucketLabel\": \"Other\", \"size\": 100}, \"schema\": \"bucket\", \"type\": \"terms\"}, {\"enabled\": true, \"id\": \"3\", \"params\": {\"customLabel\": \"Performed by\", \"field\": \"winlog.event_data.SubjectUserName\", \"missingBucket\": true, \"missingBucketLabel\": \"Missing\", \"order\": \"desc\", \"orderBy\": \"1\", \"otherBucket\": false, \"otherBucketLabel\": \"Other\", \"size\": 5}, \"schema\": \"bucket\", \"type\": \"terms\"}, {\"enabled\": true, \"id\": \"4\", \"params\": {\"customLabel\": \"Performer LogonId\", \"field\": \"winlog.logon.id\", \"missingBucket\": false, \"missingBucketLabel\": \"Missing\", \"order\": \"desc\", \"orderBy\": \"1\", \"otherBucket\": false, \"otherBucketLabel\": \"Other\", \"size\": 5}, \"schema\": \"bucket\", \"type\": \"terms\"}], \"params\": {\"dimensions\": {\"buckets\": [{\"accessor\": 0, \"aggType\": \"terms\", \"format\": {\"id\": \"terms\", \"params\": {\"id\": \"string\", \"missingBucketLabel\": \"Missing\", \"otherBucketLabel\": \"Other\"}}, \"params\": {}}, {\"accessor\": 1, \"aggType\": \"terms\", \"format\": {\"id\": \"terms\", \"params\": {\"id\": \"string\", \"missingBucketLabel\": \"Missing\", \"otherBucketLabel\": \"Other\"}}, \"params\": {}}, {\"accessor\": 2, \"aggType\": \"terms\", \"format\": {\"id\": \"terms\", \"params\": {\"id\": \"string\", \"missingBucketLabel\": \"Missing\", \"otherBucketLabel\": \"Other\"}}, \"params\": {}}], \"metrics\": [{\"accessor\": 3, \"aggType\": \"count\", \"format\": {\"id\": \"number\"}, \"params\": {}}]}, \"perPage\": 10, \"showMetricsAtAllLevels\": false, \"showPartialRows\": false, \"showTotal\": false, \"sort\": {\"columnIndex\": null, \"direction\": null}, \"totalFunc\": \"sum\"}, \"title\": \"Users Renamed - Table [Winlogbeat Security]\", \"type\": \"table\"}"
            },
            "id": "fa876300-231a-11ea-8405-516218e3d268",
            "migrationVersion": {
                "visualization": "7.7.0"
            },
            "references": [
                {
                    "id": "winlogbeat-*",
                    "name": "kibanaSavedObjectMeta.searchSourceJSON.index",
                    "type": "index-pattern"
                },
                {
                    "id": "winlogbeat-*",
                    "name": "kibanaSavedObjectMeta.searchSourceJSON.filter[0].meta.index",
                    "type": "index-pattern"
                }
            ],
            "type": "visualization",
            "updated_at": "2020-06-04T16:26:25.228Z",
            "version": "WzEwNywxXQ=="
        },
        {
            "attributes": {
                "description": "",
                "kibanaSavedObjectMeta": {
                    "searchSourceJSON": "{\"filter\": [], \"query\": {\"language\": \"kuery\", \"query\": \"\"}}"
                },
                "title": "Dashboard links  [Winlogbeat Security]",
                "uiStateJSON": "{}",
                "version": 1,
                "visState": "{\"aggs\": [], \"params\": {\"fontSize\": 12, \"markdown\": \"[Winlogbeat Overview](#/dashboard/Winlogbeat-Dashboard-ecs) | [User Logon Information](#/dashboard/bae11b00-9bfc-11ea-87e4-49f31ec44891) |  [Logon Failed and Account Lockout](#/dashboard/d401ef40-a7d5-11e9-a422-d144027429da) | [User Management Events](#/dashboard/71f720f0-ff18-11e9-8405-516218e3d268) | [Group Management Events](#/dashboard/bb858830-f412-11e9-8405-516218e3d268)\", \"openLinksInNewTab\": false}, \"title\": \"Dashboard links  [Winlogbeat Security]\", \"type\": \"markdown\"}"
            },
            "id": "a3c3f350-9b6d-11ea-87e4-49f31ec44891",
            "migrationVersion": {
                "visualization": "7.7.0"
            },
            "references": [],
            "type": "visualization",
            "updated_at": "2020-06-04T16:49:11.152Z",
            "version": "WzI1MCwxXQ=="
        },
        {
            "attributes": {
                "description": "",
                "kibanaSavedObjectMeta": {
                    "searchSourceJSON": "{\"filter\": [], \"query\": {\"language\": \"kuery\", \"query\": \"\"}}"
                },
                "savedSearchRefName": "search_0",
                "title": "User Management Actions [Winlogbeat Security]",
                "uiStateJSON": "{}",
                "version": 1,
                "visState": "{\"aggs\": [{\"enabled\": true, \"id\": \"1\", \"params\": {}, \"schema\": \"metric\", \"type\": \"count\"}, {\"enabled\": true, \"id\": \"2\", \"params\": {\"field\": \"event.action\", \"missingBucket\": false, \"missingBucketLabel\": \"Missing\", \"order\": \"desc\", \"orderBy\": \"1\", \"otherBucket\": false, \"otherBucketLabel\": \"Other\", \"size\": 15}, \"schema\": \"segment\", \"type\": \"terms\"}], \"params\": {\"addLegend\": true, \"addTooltip\": true, \"isDonut\": false, \"labels\": {\"last_level\": true, \"show\": false, \"truncate\": 100, \"values\": true}, \"legendPosition\": \"right\", \"type\": \"pie\"}, \"title\": \"User Management Actions [Winlogbeat Security]\", \"type\": \"pie\"}"
            },
            "id": "26877510-9b72-11ea-87e4-49f31ec44891",
            "migrationVersion": {
                "visualization": "7.7.0"
            },
            "references": [
                {
                    "id": "324686c0-fefb-11e9-8405-516218e3d268",
                    "name": "search_0",
                    "type": "search"
                }
            ],
            "type": "visualization",
            "updated_at": "2020-06-04T16:26:25.228Z",
            "version": "WzEwOSwxXQ=="
        },
        {
            "attributes": {
                "description": "",
                "kibanaSavedObjectMeta": {
                    "searchSourceJSON": "{\"filter\": [], \"query\": {\"language\": \"kuery\", \"query\": \"\"}}"
                },
                "savedSearchRefName": "search_0",
                "title": "Target Users [Winlogbeat Security]",
                "uiStateJSON": "{}",
                "version": 1,
                "visState": "{\"aggs\": [{\"enabled\": true, \"id\": \"1\", \"params\": {}, \"schema\": \"metric\", \"type\": \"count\"}, {\"enabled\": true, \"id\": \"2\", \"params\": {\"field\": \"winlog.event_data.TargetUserName\", \"missingBucket\": false, \"missingBucketLabel\": \"Missing\", \"order\": \"desc\", \"orderBy\": \"1\", \"otherBucket\": false, \"otherBucketLabel\": \"Other\", \"size\": 10}, \"schema\": \"segment\", \"type\": \"terms\"}], \"params\": {\"maxFontSize\": 72, \"minFontSize\": 18, \"orientation\": \"single\", \"scale\": \"linear\", \"showLabel\": false}, \"title\": \"Target Users [Winlogbeat Security]\", \"type\": \"tagcloud\"}"
            },
            "id": "117f5a30-9b71-11ea-87e4-49f31ec44891",
            "migrationVersion": {
                "visualization": "7.7.0"
            },
            "references": [
                {
                    "id": "324686c0-fefb-11e9-8405-516218e3d268",
                    "name": "search_0",
                    "type": "search"
                }
            ],
            "type": "visualization",
            "updated_at": "2020-06-04T16:26:25.228Z",
            "version": "WzExMSwxXQ=="
        },
        {
            "attributes": {
                "description": "",
                "kibanaSavedObjectMeta": {
                    "searchSourceJSON": "{\"filter\": [], \"query\": {\"language\": \"kuery\", \"query\": \"\"}}"
                },
                "savedSearchRefName": "search_0",
                "title": "User Event Actions - Table [Winlogbeat Security]",
                "uiStateJSON": "{\"vis\": {\"params\": {\"sort\": {\"columnIndex\": null, \"direction\": null}}}}",
                "version": 1,
                "visState": "{\"aggs\": [{\"enabled\": true, \"id\": \"1\", \"params\": {}, \"schema\": \"metric\", \"type\": \"count\"}, {\"enabled\": true, \"id\": \"2\", \"params\": {\"customLabel\": \"event.action\", \"field\": \"event.action\", \"missingBucket\": false, \"missingBucketLabel\": \"Missing\", \"order\": \"desc\", \"orderBy\": \"1\", \"otherBucket\": false, \"otherBucketLabel\": \"Other\", \"size\": 25}, \"schema\": \"bucket\", \"type\": \"terms\"}, {\"enabled\": true, \"id\": \"3\", \"params\": {\"customLabel\": \"event.code\", \"field\": \"event.code\", \"missingBucket\": false, \"missingBucketLabel\": \"Missing\", \"order\": \"desc\", \"orderBy\": \"1\", \"otherBucket\": false, \"otherBucketLabel\": \"Other\", \"size\": 5}, \"schema\": \"bucket\", \"type\": \"terms\"}], \"params\": {\"perPage\": 10, \"percentageCol\": \"\", \"showMetricsAtAllLevels\": false, \"showPartialRows\": false, \"showTotal\": false, \"sort\": {\"columnIndex\": null, \"direction\": null}, \"totalFunc\": \"sum\"}, \"title\": \"User Event Actions - Table [Winlogbeat Security]\", \"type\": \"table\"}"
            },
            "id": "5c9ee410-9b74-11ea-87e4-49f31ec44891",
            "migrationVersion": {
                "visualization": "7.7.0"
            },
            "references": [
                {
                    "id": "324686c0-fefb-11e9-8405-516218e3d268",
                    "name": "search_0",
                    "type": "search"
                }
            ],
            "type": "visualization",
            "updated_at": "2020-06-04T16:26:25.228Z",
            "version": "WzExMCwxXQ=="
        },
        {
            "attributes": {
                "description": "",
                "kibanaSavedObjectMeta": {
                    "searchSourceJSON": "{\"filter\": [], \"query\": {\"language\": \"kuery\", \"query\": \"\"}}"
                },
                "savedSearchRefName": "search_0",
                "title": "User Management Events - Affected Users vs Actions - Heatmap [Winlogbeat Security]",
                "uiStateJSON": "{}",
                "version": 1,
                "visState": "{\"aggs\": [{\"enabled\": true, \"id\": \"1\", \"params\": {}, \"schema\": \"metric\", \"type\": \"count\"}, {\"enabled\": true, \"id\": \"2\", \"params\": {\"customLabel\": \"Target User\", \"field\": \"winlog.event_data.TargetUserName\", \"missingBucket\": false, \"missingBucketLabel\": \"Missing\", \"order\": \"desc\", \"orderBy\": \"1\", \"otherBucket\": false, \"otherBucketLabel\": \"Other\", \"size\": 20}, \"schema\": \"segment\", \"type\": \"terms\"}, {\"enabled\": true, \"id\": \"3\", \"params\": {\"field\": \"event.action\", \"missingBucket\": false, \"missingBucketLabel\": \"Missing\", \"order\": \"desc\", \"orderBy\": \"1\", \"otherBucket\": false, \"otherBucketLabel\": \"Other\", \"size\": 10}, \"schema\": \"group\", \"type\": \"terms\"}], \"params\": {\"addLegend\": true, \"addTooltip\": true, \"colorSchema\": \"Blues\", \"colorsNumber\": 4, \"colorsRange\": [], \"enableHover\": false, \"invertColors\": false, \"legendPosition\": \"right\", \"percentageMode\": false, \"setColorRange\": false, \"times\": [], \"type\": \"heatmap\", \"valueAxes\": [{\"id\": \"ValueAxis-1\", \"labels\": {\"color\": \"black\", \"overwriteColor\": false, \"rotate\": 0, \"show\": true}, \"scale\": {\"defaultYExtents\": false, \"type\": \"linear\"}, \"show\": false, \"type\": \"value\"}]}, \"title\": \"User Management Events - Affected Users vs Actions - Heatmap [Winlogbeat Security]\", \"type\": \"heatmap\"}"
            },
            "id": "aa31c9d0-9b75-11ea-87e4-49f31ec44891",
            "migrationVersion": {
                "visualization": "7.7.0"
            },
            "references": [
                {
                    "id": "324686c0-fefb-11e9-8405-516218e3d268",
                    "name": "search_0",
                    "type": "search"
                }
            ],
            "type": "visualization",
            "updated_at": "2020-06-04T16:26:25.228Z",
            "version": "WzExMiwxXQ=="
        },
        {
            "attributes": {
                "description": "",
                "kibanaSavedObjectMeta": {
                    "searchSourceJSON": "{\"filter\": [], \"query\": {\"language\": \"kuery\", \"query\": \"\"}}"
                },
                "savedSearchRefName": "search_0",
                "title": "Event Distribution in time [Winlogbeat Security]",
                "uiStateJSON": "{}",
                "version": 1,
                "visState": "{\"aggs\": [{\"enabled\": true, \"id\": \"1\", \"params\": {}, \"schema\": \"metric\", \"type\": \"count\"}, {\"enabled\": true, \"id\": \"2\", \"params\": {\"drop_partials\": false, \"extended_bounds\": {}, \"field\": \"@timestamp\", \"interval\": \"auto\", \"min_doc_count\": 1, \"scaleMetricValues\": false, \"timeRange\": {\"from\": \"now-7d\", \"to\": \"now\"}, \"useNormalizedEsInterval\": true}, \"schema\": \"segment\", \"type\": \"date_histogram\"}, {\"enabled\": true, \"id\": \"3\", \"params\": {\"field\": \"event.action\", \"missingBucket\": false, \"missingBucketLabel\": \"Missing\", \"order\": \"desc\", \"orderBy\": \"1\", \"otherBucket\": false, \"otherBucketLabel\": \"Other\", \"size\": 15}, \"schema\": \"group\", \"type\": \"terms\"}], \"params\": {\"addLegend\": true, \"addTimeMarker\": false, \"addTooltip\": true, \"categoryAxes\": [{\"id\": \"CategoryAxis-1\", \"labels\": {\"filter\": true, \"show\": true, \"truncate\": 100}, \"position\": \"bottom\", \"scale\": {\"type\": \"linear\"}, \"show\": true, \"style\": {}, \"title\": {}, \"type\": \"category\"}], \"grid\": {\"categoryLines\": false}, \"labels\": {\"show\": false}, \"legendPosition\": \"right\", \"seriesParams\": [{\"data\": {\"id\": \"1\", \"label\": \"Count\"}, \"drawLinesBetweenPoints\": true, \"lineWidth\": 2, \"mode\": \"stacked\", \"show\": true, \"showCircles\": true, \"type\": \"histogram\", \"valueAxis\": \"ValueAxis-1\"}], \"thresholdLine\": {\"color\": \"#E7664C\", \"show\": false, \"style\": \"full\", \"value\": 10, \"width\": 1}, \"times\": [], \"type\": \"histogram\", \"valueAxes\": [{\"id\": \"ValueAxis-1\", \"labels\": {\"filter\": false, \"rotate\": 0, \"show\": true, \"truncate\": 100}, \"name\": \"LeftAxis-1\", \"position\": \"left\", \"scale\": {\"mode\": \"normal\", \"type\": \"linear\"}, \"show\": true, \"style\": {}, \"title\": {\"text\": \"Count\"}, \"type\": \"value\"}]}, \"title\": \"Event Distribution in time [Winlogbeat Security]\", \"type\": \"histogram\"}"
            },
            "id": "caf4d2b0-9b76-11ea-87e4-49f31ec44891",
            "migrationVersion": {
                "visualization": "7.7.0"
            },
            "references": [
                {
                    "id": "324686c0-fefb-11e9-8405-516218e3d268",
                    "name": "search_0",
                    "type": "search"
                }
            ],
            "type": "visualization",
            "updated_at": "2020-06-04T16:26:25.228Z",
            "version": "WzExMywxXQ=="
        }
    ],
    "version": "7.7.0"
}