{
    "objects": [
        {
            "attributes": {
                "description": "User logon activity dashboard with TSVB metrics.",
                "hits": 0,
                "kibanaSavedObjectMeta": {
                    "searchSourceJSON": "{\"filter\": [], \"query\": {\"language\": \"kuery\", \"query\": \"\"}}"
                },
                "optionsJSON": "{\"hidePanelTitles\": false, \"useMargins\": false}",
                "panelsJSON": "[{\"embeddableConfig\": {\"title\": \"Sesiones Usuarios Admin\"}, \"gridData\": {\"h\": 28, \"i\": \"1\", \"w\": 18, \"x\": 0, \"y\": 38}, \"panelIndex\": \"1\", \"panelRefName\": \"panel_0\", \"title\": \"Sesiones Usuarios Admin\", \"version\": \"7.7.0\"}, {\"embeddableConfig\": {\"title\": \"\"}, \"gridData\": {\"h\": 13, \"i\": \"2\", \"w\": 9, \"x\": 0, \"y\": 6}, \"panelIndex\": \"2\", \"panelRefName\": \"panel_1\", \"version\": \"7.7.0\"}, {\"embeddableConfig\": {\"title\": \"Usuarios Adm\"}, \"gridData\": {\"h\": 19, \"i\": \"3\", \"w\": 18, \"x\": 0, \"y\": 19}, \"panelIndex\": \"3\", \"panelRefName\": \"panel_2\", \"title\": \"Usuarios Adm\", \"version\": \"7.7.0\"}, {\"embeddableConfig\": {\"title\": \"\"}, \"gridData\": {\"h\": 6, \"i\": \"4\", \"w\": 12, \"x\": 0, \"y\": 0}, \"panelIndex\": \"4\", \"panelRefName\": \"panel_3\", \"version\": \"7.7.0\"}, {\"embeddableConfig\": {\"title\": \"Network Logon Details\"}, \"gridData\": {\"h\": 27, \"i\": \"10\", \"w\": 22, \"x\": 0, \"y\": 66}, \"panelIndex\": \"10\", \"panelRefName\": \"panel_4\", \"title\": \"Network Logon Details\", \"version\": \"7.7.0\"}, {\"embeddableConfig\": {\"title\": \"\"}, \"gridData\": {\"h\": 6, \"i\": \"08245e0c-6afe-43ea-ba5f-76c3b17301fd\", \"w\": 36, \"x\": 12, \"y\": 0}, \"panelIndex\": \"08245e0c-6afe-43ea-ba5f-76c3b17301fd\", \"panelRefName\": \"panel_5\", \"version\": \"7.7.0\"}, {\"embeddableConfig\": {\"title\": \"\"}, \"gridData\": {\"h\": 13, \"i\": \"f403fdcc-6588-4573-a949-9e661783a2b8\", \"w\": 9, \"x\": 9, \"y\": 6}, \"panelIndex\": \"f403fdcc-6588-4573-a949-9e661783a2b8\", \"panelRefName\": \"panel_6\", \"version\": \"7.7.0\"}, {\"embeddableConfig\": {\"title\": \"Logon Events Timeline\"}, \"gridData\": {\"h\": 13, \"i\": \"51a9affa-8e96-42bd-98e9-80531bdefc53\", \"w\": 30, \"x\": 18, \"y\": 6}, \"panelIndex\": \"51a9affa-8e96-42bd-98e9-80531bdefc53\", \"panelRefName\": \"panel_7\", \"title\": \"Logon Events Timeline\", \"version\": \"7.7.0\"}, {\"embeddableConfig\": {\"title\": \"Logon Types\"}, \"gridData\": {\"h\": 19, \"i\": \"bbdca4de-11c5-4957-a74c-73769416a562\", \"w\": 12, \"x\": 18, \"y\": 19}, \"panelIndex\": \"bbdca4de-11c5-4957-a74c-73769416a562\", \"panelRefName\": \"panel_8\", \"title\": \"Logon Types\", \"version\": \"7.7.0\"}, {\"embeddableConfig\": {}, \"gridData\": {\"h\": 19, \"i\": \"4df66ae6-e047-47c7-b1a9-b15221eb9d90\", \"w\": 18, \"x\": 30, \"y\": 19}, \"panelIndex\": \"4df66ae6-e047-47c7-b1a9-b15221eb9d90\", \"panelRefName\": \"panel_9\", \"version\": \"7.7.0\"}, {\"embeddableConfig\": {\"title\": \"RDP Reconnections and Desconnections\"}, \"gridData\": {\"h\": 28, \"i\": \"454bb008-9720-455e-8ab9-b2f47d25aa4f\", \"w\": 19, \"x\": 18, \"y\": 38}, \"panelIndex\": \"454bb008-9720-455e-8ab9-b2f47d25aa4f\", \"panelRefName\": \"panel_10\", \"title\": \"RDP Reconnections and Desconnections\", \"version\": \"7.7.0\"}, {\"embeddableConfig\": {}, \"gridData\": {\"h\": 28, \"i\": \"baec73e7-7166-4577-9483-1252bdd8773c\", \"w\": 11, \"x\": 37, \"y\": 38}, \"panelIndex\": \"baec73e7-7166-4577-9483-1252bdd8773c\", \"panelRefName\": \"panel_11\", \"version\": \"7.7.0\"}, {\"embeddableConfig\": {\"title\": \"Logout Details\"}, \"gridData\": {\"h\": 27, \"i\": \"28115147-8399-4fcd-95ce-ed0a4f4239e3\", \"w\": 26, \"x\": 22, \"y\": 66}, \"panelIndex\": \"28115147-8399-4fcd-95ce-ed0a4f4239e3\", \"panelRefName\": \"panel_12\", \"title\": \"Logout Details\", \"version\": \"7.7.0\"}]",
                "timeRestore": false,
                "title": "[Winlogbeat Security] User Logons - Simple Metrics",
                "version": 1
            },
            "id": "035846a0-a249-11e9-a422-d144027429da",
            "migrationVersion": {
                "dashboard": "7.3.0"
            },
            "references": [
                {
                    "id": "804dd400-a248-11e9-a422-d144027429da",
                    "name": "panel_0",
                    "type": "visualization"
                },
                {
                    "id": "5bb93ed0-a249-11e9-a422-d144027429da",
                    "name": "panel_1",
                    "type": "visualization"
                },
                {
                    "id": "e2516c10-a249-11e9-a422-d144027429da",
                    "name": "panel_2",
                    "type": "visualization"
                },
                {
                    "id": "18348f30-a24d-11e9-a422-d144027429da",
                    "name": "panel_3",
                    "type": "visualization"
                },
                {
                    "id": "ce71c9a0-a25e-11e9-a422-d144027429da",
                    "name": "panel_4",
                    "type": "search"
                },
                {
                    "id": "d770b040-9b35-11ea-87e4-49f31ec44891",
                    "name": "panel_5",
                    "type": "visualization"
                },
                {
                    "id": "2c71e0f0-9c0d-11ea-87e4-49f31ec44891",
                    "name": "panel_6",
                    "type": "visualization"
                },
                {
                    "id": "abd44840-9c0f-11ea-87e4-49f31ec44891",
                    "name": "panel_7",
                    "type": "visualization"
                },
                {
                    "id": "006d75f0-9c03-11ea-87e4-49f31ec44891",
                    "name": "panel_8",
                    "type": "visualization"
                },
                {
                    "id": "21aadac0-9c0b-11ea-87e4-49f31ec44891",
                    "name": "panel_9",
                    "type": "visualization"
                },
                {
                    "id": "6f4071a0-7a78-11ea-bc9a-0baf2ca323a3",
                    "name": "panel_10",
                    "type": "search"
                },
                {
                    "id": "25f31ee0-9c23-11ea-87e4-49f31ec44891",
                    "name": "panel_11",
                    "type": "visualization"
                },
                {
                    "id": "06b6b060-7a80-11ea-bc9a-0baf2ca323a3",
                    "name": "panel_12",
                    "type": "search"
                }
            ],
            "type": "dashboard",
            "updated_at": "2020-06-04T16:26:23.176Z",
            "version": "WzQzLDFd"
        },
        {
            "attributes": {
                "description": "",
                "kibanaSavedObjectMeta": {
                    "searchSourceJSON": "{\"filter\": [{\"$state\": {\"store\": \"appState\"}, \"meta\": {\"alias\": null, \"disabled\": false, \"indexRefName\": \"kibanaSavedObjectMeta.searchSourceJSON.filter[0].meta.index\", \"key\": \"event.code\", \"negate\": false, \"params\": [\"4672\"], \"type\": \"phrases\", \"value\": \"4672\"}, \"query\": {\"bool\": {\"minimum_should_match\": 1, \"should\": [{\"match_phrase\": {\"event.code\": \"4672\"}}]}}}], \"indexRefName\": \"kibanaSavedObjectMeta.searchSourceJSON.index\", \"query\": {\"language\": \"kuery\", \"query\": \"\"}}"
                },
                "title": "Logged on Administrators [Winlogbeat Security]",
                "uiStateJSON": "{\"vis\": {\"params\": {\"sort\": {\"columnIndex\": null, \"direction\": null}}}}",
                "version": 1,
                "visState": "{\"aggs\": [{\"enabled\": true, \"id\": \"1\", \"params\": {\"customLabel\": \"\"}, \"schema\": \"metric\", \"type\": \"count\"}, {\"enabled\": true, \"id\": \"3\", \"params\": {\"customLabel\": \"Date\", \"drop_partials\": false, \"extended_bounds\": {}, \"field\": \"@timestamp\", \"interval\": \"auto\", \"min_doc_count\": 1, \"scaleMetricValues\": false, \"timeRange\": {\"from\": \"2020-05-20T07:35:27.496Z\", \"to\": \"2020-05-22T00:01:10.239Z\"}, \"useNormalizedEsInterval\": true}, \"schema\": \"bucket\", \"type\": \"date_histogram\"}, {\"enabled\": true, \"id\": \"6\", \"params\": {\"customLabel\": \"user.name\", \"field\": \"user.name\", \"missingBucket\": false, \"missingBucketLabel\": \"Missing\", \"order\": \"desc\", \"orderBy\": \"1\", \"otherBucket\": false, \"otherBucketLabel\": \"Other\", \"size\": 5}, \"schema\": \"bucket\", \"type\": \"terms\"}, {\"enabled\": true, \"id\": \"8\", \"params\": {\"customLabel\": \"# Thread\", \"field\": \"winlog.process.thread.id\", \"missingBucket\": false, \"missingBucketLabel\": \"Missing\", \"order\": \"desc\", \"orderBy\": \"1\", \"otherBucket\": false, \"otherBucketLabel\": \"Other\", \"size\": 5}, \"schema\": \"bucket\", \"type\": \"terms\"}, {\"enabled\": true, \"id\": \"9\", \"params\": {\"customLabel\": \"LogonID\", \"field\": \"winlog.logon.id\", \"missingBucket\": false, \"missingBucketLabel\": \"Missing\", \"order\": \"desc\", \"orderBy\": \"1\", \"otherBucket\": false, \"otherBucketLabel\": \"Other\", \"size\": 5}, \"schema\": \"bucket\", \"type\": \"terms\"}], \"params\": {\"dimensions\": {\"buckets\": [{\"accessor\": 0, \"aggType\": \"date_histogram\", \"format\": {\"id\": \"date\", \"params\": {\"pattern\": \"YYYY-MM-DD HH:mm\"}}, \"label\": \"Fecha - Hora \", \"params\": {}}, {\"accessor\": 1, \"aggType\": \"terms\", \"format\": {\"id\": \"terms\", \"params\": {\"id\": \"string\", \"missingBucketLabel\": \"Missing\", \"otherBucketLabel\": \"Other\", \"parsedUrl\": {\"basePath\": \"/s/siem\", \"origin\": \"https://192.168.1.72:5601\", \"pathname\": \"/s/siem/app/kibana\"}}}, \"label\": \"Usuario\", \"params\": {}}, {\"accessor\": 2, \"aggType\": \"terms\", \"format\": {\"id\": \"terms\", \"params\": {\"id\": \"number\", \"missingBucketLabel\": \"Missing\", \"otherBucketLabel\": \"Other\", \"parsedUrl\": {\"basePath\": \"/s/siem\", \"origin\": \"https://192.168.1.72:5601\", \"pathname\": \"/s/siem/app/kibana\"}}}, \"label\": \"# Thread\", \"params\": {}}, {\"accessor\": 3, \"aggType\": \"terms\", \"format\": {\"id\": \"terms\", \"params\": {\"id\": \"string\", \"missingBucketLabel\": \"Missing\", \"otherBucketLabel\": \"Other\", \"parsedUrl\": {\"basePath\": \"/s/siem\", \"origin\": \"https://192.168.1.72:5601\", \"pathname\": \"/s/siem/app/kibana\"}}}, \"label\": \"winlog.logon.id: Descending\", \"params\": {}}], \"metrics\": [{\"accessor\": 4, \"aggType\": \"count\", \"format\": {\"id\": \"number\"}, \"label\": \"Cantidad Eventos \", \"params\": {}}]}, \"perPage\": 10, \"percentageCol\": \"\", \"showMetricsAtAllLevels\": false, \"showPartialRows\": false, \"showTotal\": false, \"sort\": {\"columnIndex\": null, \"direction\": null}, \"totalFunc\": \"sum\"}, \"title\": \"Logged on Administrators [Winlogbeat Security]\", \"type\": \"table\"}"
            },
            "id": "804dd400-a248-11e9-a422-d144027429da",
            "migrationVersion": {
                "visualization": "7.7.0"
            },
            "references": [
                {
                    "id": "winlogbeat-*",
                    "name": "kibanaSavedObjectMeta.searchSourceJSON.index",
                    "type": "index-pattern"
                },
                {
                    "id": "winlogbeat-*",
                    "name": "kibanaSavedObjectMeta.searchSourceJSON.filter[0].meta.index",
                    "type": "index-pattern"
                }
            ],
            "type": "visualization",
            "updated_at": "2020-06-04T16:26:26.182Z",
            "version": "WzExNSwxXQ=="
        },
        {
            "attributes": {
                "description": "",
                "kibanaSavedObjectMeta": {
                    "searchSourceJSON": "{\"filter\": [{\"$state\": {\"store\": \"appState\"}, \"meta\": {\"alias\": null, \"disabled\": false, \"indexRefName\": \"kibanaSavedObjectMeta.searchSourceJSON.filter[0].meta.index\", \"key\": \"event.code\", \"negate\": false, \"params\": {\"query\": \"4672\"}, \"type\": \"phrase\"}, \"query\": {\"match\": {\"event.code\": {\"query\": \"4672\", \"type\": \"phrase\"}}}}], \"indexRefName\": \"kibanaSavedObjectMeta.searchSourceJSON.index\", \"query\": {\"language\": \"kuery\", \"query\": \"\"}}"
                },
                "title": "Admin Logons Simple [Winlogbeat Security]",
                "uiStateJSON": "{}",
                "version": 1,
                "visState": "{\"aggs\": [{\"enabled\": true, \"id\": \"1\", \"params\": {\"customLabel\": \"Admin Logons\"}, \"schema\": \"metric\", \"type\": \"count\"}], \"params\": {\"addLegend\": false, \"addTooltip\": true, \"dimensions\": {\"metrics\": [{\"accessor\": 0, \"aggType\": \"cardinality\", \"format\": {\"id\": \"number\"}, \"params\": {}}]}, \"metric\": {\"colorSchema\": \"Green to Red\", \"colorsRange\": [{\"from\": 0, \"to\": 10000}], \"invertColors\": false, \"labels\": {\"show\": true}, \"metricColorMode\": \"None\", \"percentageMode\": false, \"style\": {\"bgColor\": false, \"bgFill\": \"#000\", \"fontSize\": 60, \"labelColor\": false, \"subText\": \"\"}, \"useRanges\": false}, \"type\": \"metric\"}, \"title\": \"Admin Logons Simple [Winlogbeat Security]\", \"type\": \"metric\"}"
            },
            "id": "5bb93ed0-a249-11e9-a422-d144027429da",
            "migrationVersion": {
                "visualization": "7.7.0"
            },
            "references": [
                {
                    "id": "winlogbeat-*",
                    "name": "kibanaSavedObjectMeta.searchSourceJSON.index",
                    "type": "index-pattern"
                },
                {
                    "id": "winlogbeat-*",
                    "name": "kibanaSavedObjectMeta.searchSourceJSON.filter[0].meta.index",
                    "type": "index-pattern"
                }
            ],
            "type": "visualization",
            "updated_at": "2020-06-04T16:26:23.176Z",
            "version": "WzQ1LDFd"
        },
        {
            "attributes": {
                "description": "",
                "kibanaSavedObjectMeta": {
                    "searchSourceJSON": "{\"filter\": [{\"$state\": {\"store\": \"appState\"}, \"meta\": {\"alias\": null, \"disabled\": false, \"indexRefName\": \"kibanaSavedObjectMeta.searchSourceJSON.filter[0].meta.index\", \"key\": \"event.code\", \"negate\": false, \"params\": {\"query\": \"4672\"}, \"type\": \"phrase\"}, \"query\": {\"match\": {\"event.code\": {\"query\": \"4672\", \"type\": \"phrase\"}}}}], \"indexRefName\": \"kibanaSavedObjectMeta.searchSourceJSON.index\", \"query\": {\"language\": \"kuery\", \"query\": \"\"}}"
                },
                "title": "Administrator Users [Winlogbeat Security]",
                "uiStateJSON": "{\"vis\": {\"legendOpen\": true}}",
                "version": 1,
                "visState": "{\"aggs\": [{\"enabled\": true, \"id\": \"1\", \"params\": {\"field\": \"winlog.logon.id\"}, \"schema\": \"metric\", \"type\": \"cardinality\"}, {\"enabled\": true, \"id\": \"2\", \"params\": {\"field\": \"user.name\", \"missingBucket\": false, \"missingBucketLabel\": \"Missing\", \"order\": \"desc\", \"orderBy\": \"1\", \"otherBucket\": false, \"otherBucketLabel\": \"Other\", \"size\": 10}, \"schema\": \"segment\", \"type\": \"terms\"}], \"params\": {\"addLegend\": true, \"addTooltip\": true, \"dimensions\": {\"buckets\": [{\"accessor\": 0, \"aggType\": \"terms\", \"format\": {\"id\": \"terms\", \"params\": {\"id\": \"string\", \"missingBucketLabel\": \"Missing\", \"otherBucketLabel\": \"Other\", \"parsedUrl\": {\"basePath\": \"/s/siem\", \"origin\": \"https://192.168.1.72:5601\", \"pathname\": \"/s/siem/app/kibana\"}}}, \"label\": \"user.name: Descending\", \"params\": {}}], \"metric\": {\"accessor\": 1, \"aggType\": \"cardinality\", \"format\": {\"id\": \"number\"}, \"label\": \"Unique count of winlog.logon.id\", \"params\": {}}}, \"isDonut\": false, \"labels\": {\"last_level\": true, \"show\": false, \"truncate\": 100, \"values\": true}, \"legendPosition\": \"bottom\", \"type\": \"pie\"}, \"title\": \"Administrator Users [Winlogbeat Security]\", \"type\": \"pie\"}"
            },
            "id": "e2516c10-a249-11e9-a422-d144027429da",
            "migrationVersion": {
                "visualization": "7.7.0"
            },
            "references": [
                {
                    "id": "winlogbeat-*",
                    "name": "kibanaSavedObjectMeta.searchSourceJSON.index",
                    "type": "index-pattern"
                },
                {
                    "id": "winlogbeat-*",
                    "name": "kibanaSavedObjectMeta.searchSourceJSON.filter[0].meta.index",
                    "type": "index-pattern"
                }
            ],
            "type": "visualization",
            "updated_at": "2020-06-04T16:26:26.182Z",
            "version": "WzExNiwxXQ=="
        },
        {
            "attributes": {
                "description": "",
                "kibanaSavedObjectMeta": {
                    "searchSourceJSON": "{\"filter\": [], \"query\": {\"language\": \"kuery\", \"query\": \"\"}}"
                },
                "title": "User Logon Dashboard [Winlogbeat Security]",
                "uiStateJSON": "{}",
                "version": 1,
                "visState": "{\"aggs\": [], \"params\": {\"fontSize\": 10, \"markdown\": \"## **Logon Information Dashboard**\", \"openLinksInNewTab\": false}, \"title\": \"User Logon Dashboard [Winlogbeat Security] \", \"type\": \"markdown\"}"
            },
            "id": "18348f30-a24d-11e9-a422-d144027429da",
            "migrationVersion": {
                "visualization": "7.7.0"
            },
            "references": [],
            "type": "visualization",
            "updated_at": "2020-06-04T16:26:26.182Z",
            "version": "WzExNywxXQ=="
        },
        {
            "attributes": {
                "columns": [
                    "user.name",
                    "winlog.logon.type",
                    "source.domain",
                    "source.ip",
                    "winlog.logon.id"
                ],
                "description": "",
                "hits": 0,
                "kibanaSavedObjectMeta": {
                    "searchSourceJSON": "{\"filter\": [{\"$state\": {\"store\": \"appState\"}, \"meta\": {\"alias\": null, \"disabled\": false, \"indexRefName\": \"kibanaSavedObjectMeta.searchSourceJSON.filter[0].meta.index\", \"key\": \"event.code\", \"negate\": false, \"params\": {\"query\": \"4624\"}, \"type\": \"phrase\"}, \"query\": {\"match\": {\"event.code\": {\"query\": \"4624\", \"type\": \"phrase\"}}}}], \"highlightAll\": true, \"indexRefName\": \"kibanaSavedObjectMeta.searchSourceJSON.index\", \"query\": {\"language\": \"kuery\", \"query\": \"\"}, \"version\": true}"
                },
                "sort": [
                    [
                        "@timestamp",
                        "desc"
                    ]
                ],
                "title": "User Logons [Winlogbeat Security]",
                "version": 1
            },
            "id": "ce71c9a0-a25e-11e9-a422-d144027429da",
            "migrationVersion": {
                "search": "7.4.0"
            },
            "references": [
                {
                    "id": "winlogbeat-*",
                    "name": "kibanaSavedObjectMeta.searchSourceJSON.index",
                    "type": "index-pattern"
                },
                {
                    "id": "winlogbeat-*",
                    "name": "kibanaSavedObjectMeta.searchSourceJSON.filter[0].meta.index",
                    "type": "index-pattern"
                }
            ],
            "type": "search",
            "updated_at": "2020-06-04T16:26:26.182Z",
            "version": "WzExOCwxXQ=="
        },
        {
            "attributes": {
                "description": "",
                "kibanaSavedObjectMeta": {
                    "searchSourceJSON": "{\"filter\": [], \"query\": {\"language\": \"kuery\", \"query\": \"\"}}"
                },
                "title": "Dashboard links  - Simple [Winlogbeat Security]",
                "uiStateJSON": "{}",
                "version": 1,
                "visState": "{\"aggs\": [], \"params\": {\"fontSize\": 12, \"markdown\": \"[Winlogbeat General ECS Dashboard](#/dashboard/Winlogbeat-Dashboard-ecs) | [User Logon Information](#/dashboard/035846a0-a249-11e9-a422-d144027429da?) | [Logon failed and Account Lockout](#/dashboard/f49f3170-9ffc-11ea-87e4-49f31ec44891)  | [User Management Events](#/dashboard/8223bed0-b9e9-11e9-b6a2-c9b4015c4baf) | [Group Management Events](#/dashboard/01c54730-fee6-11e9-8405-516218e3d268)\", \"openLinksInNewTab\": false}, \"title\": \"Dashboard links  - Simple [Winlogbeat Security]\", \"type\": \"markdown\"}"
            },
            "id": "d770b040-9b35-11ea-87e4-49f31ec44891",
            "migrationVersion": {
                "visualization": "7.7.0"
            },
            "references": [],
            "type": "visualization",
            "updated_at": "2020-06-04T16:26:29.252Z",
            "version": "WzE3NCwxXQ=="
        },
        {
            "attributes": {
                "description": "",
                "kibanaSavedObjectMeta": {
                    "searchSourceJSON": "{\"filter\": [{\"$state\": {\"store\": \"appState\"}, \"meta\": {\"alias\": null, \"disabled\": false, \"indexRefName\": \"kibanaSavedObjectMeta.searchSourceJSON.filter[0].meta.index\", \"key\": \"event.code\", \"negate\": false, \"params\": {\"query\": \"4624\"}, \"type\": \"phrase\"}, \"query\": {\"match_phrase\": {\"event.code\": \"4624\"}}}], \"indexRefName\": \"kibanaSavedObjectMeta.searchSourceJSON.index\", \"query\": {\"language\": \"kuery\", \"query\": \"\"}}"
                },
                "title": "Logons Simple [Winlogbeat Security]",
                "uiStateJSON": "{}",
                "version": 1,
                "visState": "{\"aggs\": [{\"enabled\": true, \"id\": \"1\", \"params\": {\"customLabel\": \"Logons\"}, \"schema\": \"metric\", \"type\": \"count\"}], \"params\": {\"addLegend\": false, \"addTooltip\": true, \"dimensions\": {\"metrics\": [{\"accessor\": 0, \"aggType\": \"cardinality\", \"format\": {\"id\": \"number\"}, \"params\": {}}]}, \"metric\": {\"colorSchema\": \"Green to Red\", \"colorsRange\": [{\"from\": 0, \"to\": 10000}], \"invertColors\": false, \"labels\": {\"show\": true}, \"metricColorMode\": \"None\", \"percentageMode\": false, \"style\": {\"bgColor\": false, \"bgFill\": \"#000\", \"fontSize\": 60, \"labelColor\": false, \"subText\": \"\"}, \"useRanges\": false}, \"type\": \"metric\"}, \"title\": \"Logons Simple [Winlogbeat Security]\", \"type\": \"metric\"}"
            },
            "id": "2c71e0f0-9c0d-11ea-87e4-49f31ec44891",
            "migrationVersion": {
                "visualization": "7.7.0"
            },
            "references": [
                {
                    "id": "winlogbeat-*",
                    "name": "kibanaSavedObjectMeta.searchSourceJSON.index",
                    "type": "index-pattern"
                },
                {
                    "id": "winlogbeat-*",
                    "name": "kibanaSavedObjectMeta.searchSourceJSON.filter[0].meta.index",
                    "type": "index-pattern"
                }
            ],
            "type": "visualization",
            "updated_at": "2020-06-04T16:26:23.176Z",
            "version": "WzUwLDFd"
        },
        {
            "attributes": {
                "description": "",
                "kibanaSavedObjectMeta": {
                    "searchSourceJSON": "{\"filter\": [{\"$state\": {\"store\": \"appState\"}, \"meta\": {\"alias\": null, \"disabled\": false, \"indexRefName\": \"kibanaSavedObjectMeta.searchSourceJSON.filter[0].meta.index\", \"key\": \"event.code\", \"negate\": false, \"params\": [\"4624\", \"4672\"], \"type\": \"phrases\", \"value\": \"4624, 4672\"}, \"query\": {\"bool\": {\"minimum_should_match\": 1, \"should\": [{\"match_phrase\": {\"event.code\": \"4624\"}}, {\"match_phrase\": {\"event.code\": \"4672\"}}]}}}], \"indexRefName\": \"kibanaSavedObjectMeta.searchSourceJSON.index\", \"query\": {\"language\": \"kuery\", \"query\": \"\"}}"
                },
                "title": "Logon Events in Time - Simple [Winlogbeat Security]",
                "uiStateJSON": "{\"vis\": {\"colors\": {\"Admin Logons\": \"#E24D42\", \"Logon Events\": \"#447EBC\"}}}",
                "version": 1,
                "visState": "{\"aggs\": [{\"enabled\": true, \"id\": \"1\", \"params\": {}, \"schema\": \"metric\", \"type\": \"count\"}, {\"enabled\": true, \"id\": \"2\", \"params\": {\"drop_partials\": false, \"extended_bounds\": {}, \"field\": \"@timestamp\", \"interval\": \"auto\", \"min_doc_count\": 1, \"scaleMetricValues\": false, \"timeRange\": {\"from\": \"2020-05-20T07:35:27.496Z\", \"to\": \"2020-05-22T00:01:10.239Z\"}, \"useNormalizedEsInterval\": true}, \"schema\": \"segment\", \"type\": \"date_histogram\"}, {\"enabled\": true, \"id\": \"3\", \"params\": {\"filters\": [{\"input\": {\"language\": \"kuery\", \"query\": \"event.code: \\\"4624\\\" \"}, \"label\": \"Logon Events\"}, {\"input\": {\"language\": \"kuery\", \"query\": \"event.code: \\\"4672\\\" \"}, \"label\": \"Admin Logons\"}]}, \"schema\": \"group\", \"type\": \"filters\"}], \"params\": {\"addLegend\": true, \"addTimeMarker\": false, \"addTooltip\": true, \"categoryAxes\": [{\"id\": \"CategoryAxis-1\", \"labels\": {\"filter\": true, \"show\": true, \"truncate\": 100}, \"position\": \"bottom\", \"scale\": {\"type\": \"linear\"}, \"show\": true, \"style\": {}, \"title\": {}, \"type\": \"category\"}], \"grid\": {\"categoryLines\": false}, \"labels\": {}, \"legendPosition\": \"right\", \"seriesParams\": [{\"data\": {\"id\": \"1\", \"label\": \"Count\"}, \"drawLinesBetweenPoints\": true, \"interpolate\": \"cardinal\", \"lineWidth\": 2, \"mode\": \"normal\", \"show\": true, \"showCircles\": true, \"type\": \"line\", \"valueAxis\": \"ValueAxis-1\"}], \"thresholdLine\": {\"color\": \"#E7664C\", \"show\": false, \"style\": \"full\", \"value\": 10, \"width\": 1}, \"times\": [], \"type\": \"line\", \"valueAxes\": [{\"id\": \"ValueAxis-1\", \"labels\": {\"filter\": false, \"rotate\": 0, \"show\": true, \"truncate\": 100}, \"name\": \"LeftAxis-1\", \"position\": \"left\", \"scale\": {\"mode\": \"normal\", \"type\": \"linear\"}, \"show\": true, \"style\": {}, \"title\": {\"text\": \"Count\"}, \"type\": \"value\"}]}, \"title\": \"Logon Events in Time - Simple [Winlogbeat Security]\", \"type\": \"line\"}"
            },
            "id": "abd44840-9c0f-11ea-87e4-49f31ec44891",
            "migrationVersion": {
                "visualization": "7.7.0"
            },
            "references": [
                {
                    "id": "winlogbeat-*",
                    "name": "kibanaSavedObjectMeta.searchSourceJSON.index",
                    "type": "index-pattern"
                },
                {
                    "id": "winlogbeat-*",
                    "name": "kibanaSavedObjectMeta.searchSourceJSON.filter[0].meta.index",
                    "type": "index-pattern"
                }
            ],
            "type": "visualization",
            "updated_at": "2020-06-04T16:26:23.176Z",
            "version": "WzUxLDFd"
        },
        {
            "attributes": {
                "description": "",
                "kibanaSavedObjectMeta": {
                    "searchSourceJSON": "{\"filter\": [{\"$state\": {\"store\": \"appState\"}, \"meta\": {\"alias\": null, \"disabled\": false, \"indexRefName\": \"kibanaSavedObjectMeta.searchSourceJSON.filter[0].meta.index\", \"key\": \"event.code\", \"negate\": false, \"params\": {\"query\": \"4624\"}, \"type\": \"phrase\"}, \"query\": {\"match_phrase\": {\"event.code\": \"4624\"}}}], \"indexRefName\": \"kibanaSavedObjectMeta.searchSourceJSON.index\", \"query\": {\"language\": \"kuery\", \"query\": \"\"}}"
                },
                "title": "Logon Types  [Winlogbeat Security]",
                "uiStateJSON": "{\"vis\": {\"legendOpen\": true}}",
                "version": 1,
                "visState": "{\"aggs\": [{\"enabled\": true, \"id\": \"1\", \"params\": {\"field\": \"winlog.logon.id\"}, \"schema\": \"metric\", \"type\": \"cardinality\"}, {\"enabled\": true, \"id\": \"2\", \"params\": {\"field\": \"winlog.logon.type\", \"missingBucket\": false, \"missingBucketLabel\": \"Missing\", \"order\": \"desc\", \"orderBy\": \"1\", \"otherBucket\": false, \"otherBucketLabel\": \"Other\", \"size\": 20}, \"schema\": \"segment\", \"type\": \"terms\"}], \"params\": {\"addLegend\": true, \"addTooltip\": true, \"dimensions\": {\"buckets\": [{\"accessor\": 0, \"aggType\": \"terms\", \"format\": {\"id\": \"terms\", \"params\": {\"id\": \"string\", \"missingBucketLabel\": \"Missing\", \"otherBucketLabel\": \"Other\", \"parsedUrl\": {\"basePath\": \"/s/siem\", \"origin\": \"https://192.168.1.72:5601\", \"pathname\": \"/s/siem/app/kibana\"}}}, \"label\": \"user.name: Descending\", \"params\": {}}], \"metric\": {\"accessor\": 1, \"aggType\": \"cardinality\", \"format\": {\"id\": \"number\"}, \"label\": \"Unique count of winlog.logon.id\", \"params\": {}}}, \"isDonut\": false, \"labels\": {\"last_level\": true, \"show\": false, \"truncate\": 100, \"values\": true}, \"legendPosition\": \"right\", \"type\": \"pie\"}, \"title\": \"Logon Types  [Winlogbeat Security]\", \"type\": \"pie\"}"
            },
            "id": "006d75f0-9c03-11ea-87e4-49f31ec44891",
            "migrationVersion": {
                "visualization": "7.7.0"
            },
            "references": [
                {
                    "id": "winlogbeat-*",
                    "name": "kibanaSavedObjectMeta.searchSourceJSON.index",
                    "type": "index-pattern"
                },
                {
                    "id": "winlogbeat-*",
                    "name": "kibanaSavedObjectMeta.searchSourceJSON.filter[0].meta.index",
                    "type": "index-pattern"
                }
            ],
            "type": "visualization",
            "updated_at": "2020-06-04T16:26:26.182Z",
            "version": "WzEyMywxXQ=="
        },
        {
            "attributes": {
                "description": "",
                "kibanaSavedObjectMeta": {
                    "searchSourceJSON": "{\"filter\": [], \"query\": {\"language\": \"kuery\", \"query\": \"\"}}"
                },
                "savedSearchRefName": "search_0",
                "title": "Logon Sources [Winlogbeat Security]",
                "uiStateJSON": "{}",
                "version": 1,
                "visState": "{\"aggs\": [{\"enabled\": true, \"id\": \"1\", \"params\": {}, \"schema\": \"metric\", \"type\": \"count\"}, {\"enabled\": true, \"id\": \"2\", \"params\": {\"field\": \"source.ip\", \"missingBucket\": false, \"missingBucketLabel\": \"Missing\", \"order\": \"desc\", \"orderBy\": \"1\", \"otherBucket\": false, \"otherBucketLabel\": \"Other\", \"size\": 15}, \"schema\": \"segment\", \"type\": \"terms\"}], \"params\": {\"maxFontSize\": 72, \"minFontSize\": 18, \"orientation\": \"single\", \"scale\": \"linear\", \"showLabel\": false}, \"title\": \"Logon Sources [Winlogbeat Security]\", \"type\": \"tagcloud\"}"
            },
            "id": "21aadac0-9c0b-11ea-87e4-49f31ec44891",
            "migrationVersion": {
                "visualization": "7.7.0"
            },
            "references": [
                {
                    "id": "7e178c80-fee1-11e9-8405-516218e3d268",
                    "name": "search_0",
                    "type": "search"
                }
            ],
            "type": "visualization",
            "updated_at": "2020-06-04T16:26:26.182Z",
            "version": "WzEyNCwxXQ=="
        },
        {
            "attributes": {
                "columns": [
                    "user.name",
                    "source.domain",
                    "source.ip",
                    "winlog.logon.id",
                    "event.action"
                ],
                "description": "",
                "hits": 0,
                "kibanaSavedObjectMeta": {
                    "searchSourceJSON": "{\"filter\": [{\"$state\": {\"store\": \"appState\"}, \"meta\": {\"alias\": null, \"disabled\": false, \"indexRefName\": \"kibanaSavedObjectMeta.searchSourceJSON.filter[0].meta.index\", \"key\": \"event.code\", \"negate\": false, \"params\": [\"4778\", \"4779\"], \"type\": \"phrases\", \"value\": \"4778, 4779\"}, \"query\": {\"bool\": {\"minimum_should_match\": 1, \"should\": [{\"match_phrase\": {\"event.code\": \"4778\"}}, {\"match_phrase\": {\"event.code\": \"4779\"}}]}}}], \"highlightAll\": true, \"indexRefName\": \"kibanaSavedObjectMeta.searchSourceJSON.index\", \"query\": {\"language\": \"kuery\", \"query\": \"\"}, \"version\": true}"
                },
                "sort": [
                    [
                        "@timestamp",
                        "desc"
                    ]
                ],
                "title": "Remote Interactive Connections and Disconnections [Winlogbeat Security]",
                "version": 1
            },
            "id": "6f4071a0-7a78-11ea-bc9a-0baf2ca323a3",
            "migrationVersion": {
                "search": "7.4.0"
            },
            "references": [
                {
                    "id": "winlogbeat-*",
                    "name": "kibanaSavedObjectMeta.searchSourceJSON.index",
                    "type": "index-pattern"
                },
                {
                    "id": "winlogbeat-*",
                    "name": "kibanaSavedObjectMeta.searchSourceJSON.filter[0].meta.index",
                    "type": "index-pattern"
                }
            ],
            "type": "search",
            "updated_at": "2020-06-04T16:26:26.182Z",
            "version": "WzEyNSwxXQ=="
        },
        {
            "attributes": {
                "description": "",
                "kibanaSavedObjectMeta": {
                    "searchSourceJSON": "{\"filter\": [{\"$state\": {\"store\": \"appState\"}, \"meta\": {\"alias\": null, \"disabled\": false, \"indexRefName\": \"kibanaSavedObjectMeta.searchSourceJSON.filter[0].meta.index\", \"key\": \"event.code\", \"negate\": false, \"params\": {\"query\": \"4648\"}, \"type\": \"phrase\"}, \"query\": {\"match_phrase\": {\"event.code\": \"4648\"}}}], \"indexRefName\": \"kibanaSavedObjectMeta.searchSourceJSON.index\", \"query\": {\"language\": \"kuery\", \"query\": \"\"}}"
                },
                "title": "Logon with Explicit Credentials [Winlogbeat Security]",
                "uiStateJSON": "{\"vis\": {\"params\": {\"sort\": {\"columnIndex\": null, \"direction\": null}}}}",
                "version": 1,
                "visState": "{\"aggs\": [{\"enabled\": true, \"id\": \"1\", \"params\": {}, \"schema\": \"metric\", \"type\": \"count\"}, {\"enabled\": true, \"id\": \"2\", \"params\": {\"customLabel\": \"user.name\", \"field\": \"user.name\", \"missingBucket\": false, \"missingBucketLabel\": \"Missing\", \"order\": \"desc\", \"orderBy\": \"1\", \"otherBucket\": false, \"otherBucketLabel\": \"Other\", \"size\": 200}, \"schema\": \"bucket\", \"type\": \"terms\"}, {\"enabled\": true, \"id\": \"4\", \"params\": {\"customLabel\": \"subjectUserName\", \"field\": \"winlog.event_data.SubjectUserName\", \"missingBucket\": false, \"missingBucketLabel\": \"Missing\", \"order\": \"desc\", \"orderBy\": \"1\", \"otherBucket\": false, \"otherBucketLabel\": \"Other\", \"size\": 5}, \"schema\": \"bucket\", \"type\": \"terms\"}, {\"enabled\": true, \"id\": \"5\", \"params\": {\"customLabel\": \"source.ip\", \"field\": \"source.ip\", \"json\": \"{\\\"missing\\\": \\\"::\\\"}\", \"missingBucket\": false, \"missingBucketLabel\": \"Missing\", \"order\": \"desc\", \"orderBy\": \"1\", \"otherBucket\": false, \"otherBucketLabel\": \"Other\", \"size\": 5}, \"schema\": \"bucket\", \"type\": \"terms\"}, {\"enabled\": true, \"id\": \"6\", \"params\": {\"customLabel\": \"LogonID\", \"field\": \"winlog.logon.id\", \"missingBucket\": false, \"missingBucketLabel\": \"Missing\", \"order\": \"desc\", \"orderBy\": \"1\", \"otherBucket\": false, \"otherBucketLabel\": \"Other\", \"size\": 5}, \"schema\": \"bucket\", \"type\": \"terms\"}], \"params\": {\"perPage\": 10, \"percentageCol\": \"\", \"showMetricsAtAllLevels\": false, \"showPartialRows\": false, \"showTotal\": false, \"sort\": {\"columnIndex\": null, \"direction\": null}, \"totalFunc\": \"sum\"}, \"title\": \"Logon with Explicit Credentials [Winlogbeat Security]\", \"type\": \"table\"}"
            },
            "id": "25f31ee0-9c23-11ea-87e4-49f31ec44891",
            "migrationVersion": {
                "visualization": "7.7.0"
            },
            "references": [
                {
                    "id": "winlogbeat-*",
                    "name": "kibanaSavedObjectMeta.searchSourceJSON.index",
                    "type": "index-pattern"
                },
                {
                    "id": "winlogbeat-*",
                    "name": "kibanaSavedObjectMeta.searchSourceJSON.filter[0].meta.index",
                    "type": "index-pattern"
                }
            ],
            "type": "visualization",
            "updated_at": "2020-06-04T16:26:26.182Z",
            "version": "WzEyNiwxXQ=="
        },
        {
            "attributes": {
                "columns": [
                    "user.name",
                    "user.domain",
                    "winlog.logon.id",
                    "event.action",
                    "winlog.logon.type",
                    "winlog.event_data.SubjectUserName"
                ],
                "description": "",
                "hits": 0,
                "kibanaSavedObjectMeta": {
                    "searchSourceJSON": "{\"filter\": [{\"$state\": {\"store\": \"appState\"}, \"meta\": {\"alias\": null, \"disabled\": false, \"indexRefName\": \"kibanaSavedObjectMeta.searchSourceJSON.filter[0].meta.index\", \"key\": \"event.code\", \"negate\": false, \"params\": {\"query\": \"4625\"}, \"type\": \"phrase\"}, \"query\": {\"match_phrase\": {\"event.code\": \"4625\"}}}, {\"$state\": {\"store\": \"appState\"}, \"meta\": {\"alias\": null, \"disabled\": false, \"indexRefName\": \"kibanaSavedObjectMeta.searchSourceJSON.filter[1].meta.index\", \"key\": \"winlog.provider_name\", \"negate\": false, \"params\": {\"query\": \"Microsoft-Windows-Security-Auditing\"}, \"type\": \"phrase\"}, \"query\": {\"match_phrase\": {\"winlog.provider_name\": \"Microsoft-Windows-Security-Auditing\"}}}], \"highlightAll\": true, \"indexRefName\": \"kibanaSavedObjectMeta.searchSourceJSON.index\", \"query\": {\"language\": \"kuery\", \"query\": \"\"}, \"version\": true}"
                },
                "sort": [
                    [
                        "@timestamp",
                        "desc"
                    ]
                ],
                "title": "User Logouts [Winlogbeat Security]",
                "version": 1
            },
            "id": "06b6b060-7a80-11ea-bc9a-0baf2ca323a3",
            "migrationVersion": {
                "search": "7.4.0"
            },
            "references": [
                {
                    "id": "winlogbeat-*",
                    "name": "kibanaSavedObjectMeta.searchSourceJSON.index",
                    "type": "index-pattern"
                },
                {
                    "id": "winlogbeat-*",
                    "name": "kibanaSavedObjectMeta.searchSourceJSON.filter[0].meta.index",
                    "type": "index-pattern"
                },
                {
                    "id": "winlogbeat-*",
                    "name": "kibanaSavedObjectMeta.searchSourceJSON.filter[1].meta.index",
                    "type": "index-pattern"
                }
            ],
            "type": "search",
            "updated_at": "2020-06-04T16:26:26.182Z",
            "version": "WzEyNywxXQ=="
        },
        {
            "attributes": {
                "columns": [
                    "user.name",
                    "source.domain",
                    "source.ip",
                    "winlog.logon.id",
                    "winlog.logon.type"
                ],
                "description": "",
                "hits": 0,
                "kibanaSavedObjectMeta": {
                    "searchSourceJSON": "{\"filter\": [{\"$state\": {\"store\": \"appState\"}, \"meta\": {\"alias\": null, \"disabled\": false, \"indexRefName\": \"kibanaSavedObjectMeta.searchSourceJSON.filter[0].meta.index\", \"key\": \"event.code\", \"negate\": false, \"params\": [\"4624\"], \"type\": \"phrases\", \"value\": \"4624\"}, \"query\": {\"bool\": {\"minimum_should_match\": 1, \"should\": [{\"match_phrase\": {\"event.code\": \"4624\"}}]}}}], \"highlightAll\": true, \"indexRefName\": \"kibanaSavedObjectMeta.searchSourceJSON.index\", \"query\": {\"language\": \"kuery\", \"query\": \"\"}, \"version\": true}"
                },
                "sort": [
                    [
                        "@timestamp",
                        "desc"
                    ]
                ],
                "title": "Logon Details [Winlogbeat Security]",
                "version": 1
            },
            "id": "7e178c80-fee1-11e9-8405-516218e3d268",
            "migrationVersion": {
                "search": "7.4.0"
            },
            "references": [
                {
                    "id": "winlogbeat-*",
                    "name": "kibanaSavedObjectMeta.searchSourceJSON.index",
                    "type": "index-pattern"
                },
                {
                    "id": "winlogbeat-*",
                    "name": "kibanaSavedObjectMeta.searchSourceJSON.filter[0].meta.index",
                    "type": "index-pattern"
                }
            ],
            "type": "search",
            "updated_at": "2020-06-04T16:26:27.206Z",
            "version": "WzE0MywxXQ=="
        }
    ],
    "version": "7.7.0"
}