{
    "objects": [
        {
            "attributes": {
                "description": "Group management activity with TSVB metrics.",
                "hits": 0,
                "kibanaSavedObjectMeta": {
                    "searchSourceJSON": "{\"filter\": [], \"query\": {\"language\": \"kuery\", \"query\": \"\"}}"
                },
                "optionsJSON": "{\"hidePanelTitles\": false, \"useMargins\": false}",
                "panelsJSON": "[{\"embeddableConfig\": {\"title\": \"\"}, \"gridData\": {\"h\": 8, \"i\": \"22\", \"w\": 17, \"x\": 0, \"y\": 0}, \"panelIndex\": \"22\", \"panelRefName\": \"panel_0\", \"version\": \"7.7.0\"}, {\"embeddableConfig\": {\"title\": \"Group Creation Summary [Winlogbeat Security]\"}, \"gridData\": {\"h\": 13, \"i\": \"36\", \"w\": 9, \"x\": 0, \"y\": 59}, \"panelIndex\": \"36\", \"panelRefName\": \"panel_1\", \"title\": \"Group Creation Summary [Winlogbeat Security]\", \"version\": \"7.7.0\"}, {\"embeddableConfig\": {\"title\": \"Group Changes Summary [Winlogbeat Security]\"}, \"gridData\": {\"h\": 13, \"i\": \"37\", \"w\": 9, \"x\": 9, \"y\": 59}, \"panelIndex\": \"37\", \"panelRefName\": \"panel_2\", \"title\": \"Group Changes Summary [Winlogbeat Security]\", \"version\": \"7.7.0\"}, {\"embeddableConfig\": {\"title\": \"Group Deletion Summary [Winlogbeat Security]\"}, \"gridData\": {\"h\": 13, \"i\": \"38\", \"w\": 9, \"x\": 18, \"y\": 59}, \"panelIndex\": \"38\", \"panelRefName\": \"panel_3\", \"title\": \"Group Deletion Summary [Winlogbeat Security]\", \"version\": \"7.7.0\"}, {\"embeddableConfig\": {\"title\": \"Users Added to Group Summary [Winlogbeat Security]\"}, \"gridData\": {\"h\": 14, \"i\": \"39\", \"w\": 16, \"x\": 0, \"y\": 81}, \"panelIndex\": \"39\", \"panelRefName\": \"panel_4\", \"title\": \"Users Added to Group Summary [Winlogbeat Security]\", \"version\": \"7.7.0\"}, {\"embeddableConfig\": {\"title\": \"Users Removed From Group Summary [Winlogbeat Security]\"}, \"gridData\": {\"h\": 14, \"i\": \"40\", \"w\": 17, \"x\": 16, \"y\": 81}, \"panelIndex\": \"40\", \"panelRefName\": \"panel_5\", \"title\": \"Users Removed From Group Summary [Winlogbeat Security]\", \"version\": \"7.7.0\"}, {\"embeddableConfig\": {\"title\": \"Group Membership Enumeration Summary [Winlogbeat Security]\"}, \"gridData\": {\"h\": 14, \"i\": \"42\", \"w\": 15, \"x\": 33, \"y\": 81}, \"panelIndex\": \"42\", \"panelRefName\": \"panel_6\", \"title\": \"Group Membership Enumeration Summary [Winlogbeat Security]\", \"version\": \"7.7.0\"}, {\"embeddableConfig\": {\"title\": \"Logon Details  [Winlogbeat Security]\"}, \"gridData\": {\"h\": 22, \"i\": \"43\", \"w\": 21, \"x\": 27, \"y\": 50}, \"panelIndex\": \"43\", \"panelRefName\": \"panel_7\", \"title\": \"Logon Details  [Winlogbeat Security]\", \"version\": \"7.7.0\"}, {\"embeddableConfig\": {\"title\": \"\"}, \"gridData\": {\"h\": 9, \"i\": \"44\", \"w\": 16, \"x\": 0, \"y\": 72}, \"panelIndex\": \"44\", \"panelRefName\": \"panel_8\", \"version\": \"7.7.0\"}, {\"embeddableConfig\": {\"title\": \"\"}, \"gridData\": {\"h\": 9, \"i\": \"45\", \"w\": 9, \"x\": 18, \"y\": 50}, \"panelIndex\": \"45\", \"panelRefName\": \"panel_9\", \"version\": \"7.7.0\"}, {\"embeddableConfig\": {\"title\": \"\"}, \"gridData\": {\"h\": 9, \"i\": \"46\", \"w\": 9, \"x\": 0, \"y\": 50}, \"panelIndex\": \"46\", \"panelRefName\": \"panel_10\", \"version\": \"7.7.0\"}, {\"embeddableConfig\": {\"title\": \"\"}, \"gridData\": {\"h\": 9, \"i\": \"47\", \"w\": 9, \"x\": 9, \"y\": 50}, \"panelIndex\": \"47\", \"panelRefName\": \"panel_11\", \"version\": \"7.7.0\"}, {\"embeddableConfig\": {\"title\": \"\"}, \"gridData\": {\"h\": 9, \"i\": \"48\", \"w\": 17, \"x\": 16, \"y\": 72}, \"panelIndex\": \"48\", \"panelRefName\": \"panel_12\", \"version\": \"7.7.0\"}, {\"embeddableConfig\": {\"title\": \"\"}, \"gridData\": {\"h\": 9, \"i\": \"49\", \"w\": 15, \"x\": 33, \"y\": 72}, \"panelIndex\": \"49\", \"panelRefName\": \"panel_13\", \"version\": \"7.7.0\"}, {\"embeddableConfig\": {}, \"gridData\": {\"h\": 21, \"i\": \"51\", \"w\": 48, \"x\": 0, \"y\": 95}, \"panelIndex\": \"51\", \"panelRefName\": \"panel_14\", \"version\": \"7.7.0\"}, {\"embeddableConfig\": {\"title\": \"\"}, \"gridData\": {\"h\": 8, \"i\": \"45614e1c-b2bb-4243-9a74-a4bdd0124c87\", \"w\": 31, \"x\": 17, \"y\": 0}, \"panelIndex\": \"45614e1c-b2bb-4243-9a74-a4bdd0124c87\", \"panelRefName\": \"panel_15\", \"version\": \"7.7.0\"}, {\"embeddableConfig\": {}, \"gridData\": {\"h\": 21, \"i\": \"88e75800-8125-4c9e-96b8-5c36f6e91664\", \"w\": 9, \"x\": 21, \"y\": 8}, \"panelIndex\": \"88e75800-8125-4c9e-96b8-5c36f6e91664\", \"panelRefName\": \"panel_16\", \"version\": \"7.7.0\"}, {\"embeddableConfig\": {}, \"gridData\": {\"h\": 21, \"i\": \"4b793b8e-72d4-42a2-b377-1c70f0307414\", \"w\": 18, \"x\": 30, \"y\": 8}, \"panelIndex\": \"4b793b8e-72d4-42a2-b377-1c70f0307414\", \"panelRefName\": \"panel_17\", \"version\": \"7.7.0\"}, {\"embeddableConfig\": {\"vis\": null}, \"gridData\": {\"h\": 21, \"i\": \"82d229f9-44f4-4c4b-baf7-f9673a14c87f\", \"w\": 26, \"x\": 0, \"y\": 29}, \"panelIndex\": \"82d229f9-44f4-4c4b-baf7-f9673a14c87f\", \"panelRefName\": \"panel_18\", \"version\": \"7.7.0\"}, {\"embeddableConfig\": {\"colors\": {\"added-group-account\": \"#1F78C1\", \"added-member-to-group\": \"#0A437C\", \"deleted-group-account\": \"#5195CE\", \"modified-group-account\": \"#0A50A1\", \"type-changed-group-account\": \"#82B5D8\", \"user-member-enumerated\": \"#2F575E\"}, \"vis\": {\"colors\": {\"added-group-account\": \"#1F78C1\", \"added-member-to-group\": \"#0A437C\", \"deleted-group-account\": \"#5195CE\", \"modified-group-account\": \"#0A50A1\", \"removed-member-from-group\": \"#82B5D8\", \"type-changed-group-account\": \"#82B5D8\", \"user-member-enumerated\": \"#2F575E\"}}}, \"gridData\": {\"h\": 21, \"i\": \"f44255b0-d9a8-479f-be3f-829c1f6ed794\", \"w\": 22, \"x\": 26, \"y\": 29}, \"panelIndex\": \"f44255b0-d9a8-479f-be3f-829c1f6ed794\", \"panelRefName\": \"panel_19\", \"version\": \"7.7.0\"}, {\"embeddableConfig\": {\"colors\": {\"added-group-account\": \"#0A50A1\", \"added-member-to-group\": \"#1F78C1\", \"deleted-group-account\": \"#5195CE\", \"modified-group-account\": \"#0A437C\", \"user-member-enumerated\": \"#052B51\"}, \"vis\": {\"colors\": {\"added-group-account\": \"#0A50A1\", \"added-member-to-group\": \"#1F78C1\", \"deleted-group-account\": \"#5195CE\", \"modified-group-account\": \"#0A437C\", \"user-member-enumerated\": \"#2F575E\"}}}, \"gridData\": {\"h\": 21, \"i\": \"9c42bff2-b295-4617-8d8c-455bd5948b66\", \"w\": 21, \"x\": 0, \"y\": 8}, \"panelIndex\": \"9c42bff2-b295-4617-8d8c-455bd5948b66\", \"panelRefName\": \"panel_20\", \"version\": \"7.7.0\"}]",
                "timeRestore": false,
                "title": "[Winlogbeat Security] Group Management Events - Simple Metrics",
                "version": 1
            },
            "id": "01c54730-fee6-11e9-8405-516218e3d268",
            "migrationVersion": {
                "dashboard": "7.3.0"
            },
            "references": [
                {
                    "id": "6f0f2ea0-f414-11e9-8405-516218e3d268",
                    "name": "panel_0",
                    "type": "visualization"
                },
                {
                    "id": "98884120-f49d-11e9-8405-516218e3d268",
                    "name": "panel_1",
                    "type": "visualization"
                },
                {
                    "id": "9e534190-f49d-11e9-8405-516218e3d268",
                    "name": "panel_2",
                    "type": "visualization"
                },
                {
                    "id": "bb9cf7a0-f49d-11e9-8405-516218e3d268",
                    "name": "panel_3",
                    "type": "visualization"
                },
                {
                    "id": "ce867840-f49e-11e9-8405-516218e3d268",
                    "name": "panel_4",
                    "type": "visualization"
                },
                {
                    "id": "fee83900-f49f-11e9-8405-516218e3d268",
                    "name": "panel_5",
                    "type": "visualization"
                },
                {
                    "id": "bc165210-f4b8-11e9-8405-516218e3d268",
                    "name": "panel_6",
                    "type": "visualization"
                },
                {
                    "id": "7e178c80-fee1-11e9-8405-516218e3d268",
                    "name": "panel_7",
                    "type": "search"
                },
                {
                    "id": "a13bf640-fee8-11e9-8405-516218e3d268",
                    "name": "panel_8",
                    "type": "visualization"
                },
                {
                    "id": "5eeaafd0-fee7-11e9-8405-516218e3d268",
                    "name": "panel_9",
                    "type": "visualization"
                },
                {
                    "id": "f42f3b20-fee6-11e9-8405-516218e3d268",
                    "name": "panel_10",
                    "type": "visualization"
                },
                {
                    "id": "b5f38780-fee6-11e9-8405-516218e3d268",
                    "name": "panel_11",
                    "type": "visualization"
                },
                {
                    "id": "1b5f17d0-feea-11e9-8405-516218e3d268",
                    "name": "panel_12",
                    "type": "visualization"
                },
                {
                    "id": "0f2f5280-feeb-11e9-8405-516218e3d268",
                    "name": "panel_13",
                    "type": "visualization"
                },
                {
                    "id": "9066d5b0-fef2-11e9-8405-516218e3d268",
                    "name": "panel_14",
                    "type": "search"
                },
                {
                    "id": "d770b040-9b35-11ea-87e4-49f31ec44891",
                    "name": "panel_15",
                    "type": "visualization"
                },
                {
                    "id": "33462600-9b47-11ea-87e4-49f31ec44891",
                    "name": "panel_16",
                    "type": "visualization"
                },
                {
                    "id": "58fb9480-9b46-11ea-87e4-49f31ec44891",
                    "name": "panel_17",
                    "type": "visualization"
                },
                {
                    "id": "e20c02d0-9b48-11ea-87e4-49f31ec44891",
                    "name": "panel_18",
                    "type": "visualization"
                },
                {
                    "id": "7de2e3f0-9b4d-11ea-87e4-49f31ec44891",
                    "name": "panel_19",
                    "type": "visualization"
                },
                {
                    "id": "b89b0c90-9b41-11ea-87e4-49f31ec44891",
                    "name": "panel_20",
                    "type": "visualization"
                }
            ],
            "type": "dashboard",
            "updated_at": "2020-06-04T16:26:22.158Z",
            "version": "WzIxLDFd"
        },
        {
            "attributes": {
                "description": "",
                "kibanaSavedObjectMeta": {
                    "searchSourceJSON": "{\"filter\": [], \"query\": {\"language\": \"kuery\", \"query\": \"\"}}"
                },
                "title": "Group Management Events - Description [Winlogbeat Security]",
                "uiStateJSON": "{}",
                "version": 1,
                "visState": "{\"aggs\": [], \"params\": {\"fontSize\": 10, \"markdown\": \"# **Group Management Events**\\n\\n#### This dashboard shows information about Group Management Events collected by winlogbeat\\n\", \"openLinksInNewTab\": false}, \"title\": \"Group Management Events - Description [Winlogbeat Security]\", \"type\": \"markdown\"}"
            },
            "id": "6f0f2ea0-f414-11e9-8405-516218e3d268",
            "migrationVersion": {
                "visualization": "7.7.0"
            },
            "references": [],
            "type": "visualization",
            "updated_at": "2020-06-04T16:26:27.206Z",
            "version": "WzEzMCwxXQ=="
        },
        {
            "attributes": {
                "description": "",
                "kibanaSavedObjectMeta": {
                    "searchSourceJSON": "{\"filter\": [{\"$state\": {\"store\": \"appState\"}, \"meta\": {\"alias\": null, \"disabled\": false, \"indexRefName\": \"kibanaSavedObjectMeta.searchSourceJSON.filter[0].meta.index\", \"key\": \"event.code\", \"negate\": false, \"params\": [\"4731\", \"4727\", \"4754\", \"4744\", \"4759\", \"4779\", \"4790\", \"4783\"], \"type\": \"phrases\", \"value\": \"4731, 4727, 4754, 4744, 4759, 4779, 4790, 4783\"}, \"query\": {\"bool\": {\"minimum_should_match\": 1, \"should\": [{\"match_phrase\": {\"event.code\": \"4731\"}}, {\"match_phrase\": {\"event.code\": \"4727\"}}, {\"match_phrase\": {\"event.code\": \"4754\"}}, {\"match_phrase\": {\"event.code\": \"4744\"}}, {\"match_phrase\": {\"event.code\": \"4759\"}}, {\"match_phrase\": {\"event.code\": \"4779\"}}, {\"match_phrase\": {\"event.code\": \"4790\"}}, {\"match_phrase\": {\"event.code\": \"4783\"}}]}}}], \"indexRefName\": \"kibanaSavedObjectMeta.searchSourceJSON.index\", \"query\": {\"language\": \"kuery\", \"query\": \"\"}}"
                },
                "title": "Groups Created - Table [Winlogbeat Security]",
                "uiStateJSON": "{\"vis\": {\"params\": {\"sort\": {\"columnIndex\": null, \"direction\": null}}}}",
                "version": 1,
                "visState": "{\"aggs\": [{\"enabled\": true, \"id\": \"1\", \"params\": {}, \"schema\": \"metric\", \"type\": \"count\"}, {\"enabled\": true, \"id\": \"2\", \"params\": {\"customLabel\": \"Group\", \"field\": \"group.name\", \"missingBucket\": false, \"missingBucketLabel\": \"Missing\", \"order\": \"desc\", \"orderBy\": \"1\", \"otherBucket\": false, \"otherBucketLabel\": \"Other\", \"size\": 20}, \"schema\": \"bucket\", \"type\": \"terms\"}, {\"enabled\": true, \"id\": \"3\", \"params\": {\"customLabel\": \"Domain\", \"field\": \"group.domain\", \"missingBucket\": false, \"missingBucketLabel\": \"Missing\", \"order\": \"desc\", \"orderBy\": \"1\", \"otherBucket\": false, \"otherBucketLabel\": \"Other\", \"size\": 5}, \"schema\": \"bucket\", \"type\": \"terms\"}, {\"enabled\": true, \"id\": \"4\", \"params\": {\"customLabel\": \"Performed by\", \"field\": \"winlog.event_data.SubjectUserName\", \"missingBucket\": false, \"missingBucketLabel\": \"Missing\", \"order\": \"desc\", \"orderBy\": \"1\", \"otherBucket\": false, \"otherBucketLabel\": \"Other\", \"size\": 5}, \"schema\": \"bucket\", \"type\": \"terms\"}, {\"enabled\": true, \"id\": \"5\", \"params\": {\"customLabel\": \"Performer LogonID\", \"field\": \"winlog.logon.id\", \"missingBucket\": false, \"missingBucketLabel\": \"Missing\", \"order\": \"desc\", \"orderBy\": \"1\", \"otherBucket\": false, \"otherBucketLabel\": \"Other\", \"size\": 5}, \"schema\": \"bucket\", \"type\": \"terms\"}], \"params\": {\"dimensions\": {\"buckets\": [{\"accessor\": 0, \"aggType\": \"terms\", \"format\": {\"id\": \"terms\", \"params\": {\"id\": \"string\", \"missingBucketLabel\": \"Missing\", \"otherBucketLabel\": \"Other\"}}, \"params\": {}}, {\"accessor\": 1, \"aggType\": \"terms\", \"format\": {\"id\": \"terms\", \"params\": {\"id\": \"string\", \"missingBucketLabel\": \"Missing\", \"otherBucketLabel\": \"Other\"}}, \"params\": {}}, {\"accessor\": 2, \"aggType\": \"terms\", \"format\": {\"id\": \"terms\", \"params\": {\"id\": \"string\", \"missingBucketLabel\": \"Missing\", \"otherBucketLabel\": \"Other\"}}, \"params\": {}}, {\"accessor\": 3, \"aggType\": \"terms\", \"format\": {\"id\": \"terms\", \"params\": {\"id\": \"string\", \"missingBucketLabel\": \"Missing\", \"otherBucketLabel\": \"Other\"}}, \"params\": {}}], \"metrics\": [{\"accessor\": 4, \"aggType\": \"count\", \"format\": {\"id\": \"number\"}, \"params\": {}}]}, \"perPage\": 5, \"percentageCol\": \"\", \"showMetricsAtAllLevels\": false, \"showPartialRows\": false, \"showTotal\": false, \"sort\": {\"columnIndex\": null, \"direction\": null}, \"totalFunc\": \"sum\"}, \"title\": \"Groups Created - Table [Winlogbeat Security]\", \"type\": \"table\"}"
            },
            "id": "98884120-f49d-11e9-8405-516218e3d268",
            "migrationVersion": {
                "visualization": "7.7.0"
            },
            "references": [
                {
                    "id": "winlogbeat-*",
                    "name": "kibanaSavedObjectMeta.searchSourceJSON.index",
                    "type": "index-pattern"
                },
                {
                    "id": "winlogbeat-*",
                    "name": "kibanaSavedObjectMeta.searchSourceJSON.filter[0].meta.index",
                    "type": "index-pattern"
                }
            ],
            "type": "visualization",
            "updated_at": "2020-06-04T16:26:27.206Z",
            "version": "WzEzNywxXQ=="
        },
        {
            "attributes": {
                "description": "",
                "kibanaSavedObjectMeta": {
                    "searchSourceJSON": "{\"filter\": [{\"$state\": {\"store\": \"appState\"}, \"meta\": {\"alias\": null, \"disabled\": false, \"indexRefName\": \"kibanaSavedObjectMeta.searchSourceJSON.filter[0].meta.index\", \"key\": \"event.code\", \"negate\": false, \"params\": [\"4735\", \"4737\", \"4755\", \"4750\", \"4760\", \"4745\", \"4791\", \"4784\", \"4764\"], \"type\": \"phrases\", \"value\": \"4735, 4737, 4755, 4750, 4760, 4745, 4791, 4784, 4764\"}, \"query\": {\"bool\": {\"minimum_should_match\": 1, \"should\": [{\"match_phrase\": {\"event.code\": \"4735\"}}, {\"match_phrase\": {\"event.code\": \"4737\"}}, {\"match_phrase\": {\"event.code\": \"4755\"}}, {\"match_phrase\": {\"event.code\": \"4750\"}}, {\"match_phrase\": {\"event.code\": \"4760\"}}, {\"match_phrase\": {\"event.code\": \"4745\"}}, {\"match_phrase\": {\"event.code\": \"4791\"}}, {\"match_phrase\": {\"event.code\": \"4784\"}}, {\"match_phrase\": {\"event.code\": \"4764\"}}]}}}], \"indexRefName\": \"kibanaSavedObjectMeta.searchSourceJSON.index\", \"query\": {\"language\": \"kuery\", \"query\": \"\"}}"
                },
                "title": "Group Changes - Table [Winlogbeat Security]",
                "uiStateJSON": "{\"vis\": {\"params\": {\"sort\": {\"columnIndex\": null, \"direction\": null}}}}",
                "version": 1,
                "visState": "{\"aggs\": [{\"enabled\": true, \"id\": \"1\", \"params\": {}, \"schema\": \"metric\", \"type\": \"count\"}, {\"enabled\": true, \"id\": \"2\", \"params\": {\"customLabel\": \"Group\", \"field\": \"group.name\", \"missingBucket\": false, \"missingBucketLabel\": \"Missing\", \"order\": \"desc\", \"orderBy\": \"1\", \"otherBucket\": false, \"otherBucketLabel\": \"Other\", \"size\": 20}, \"schema\": \"bucket\", \"type\": \"terms\"}, {\"enabled\": true, \"id\": \"3\", \"params\": {\"customLabel\": \"Domain\", \"field\": \"group.domain\", \"missingBucket\": false, \"missingBucketLabel\": \"Missing\", \"order\": \"desc\", \"orderBy\": \"1\", \"otherBucket\": false, \"otherBucketLabel\": \"Other\", \"size\": 5}, \"schema\": \"bucket\", \"type\": \"terms\"}, {\"enabled\": true, \"id\": \"4\", \"params\": {\"customLabel\": \"Performed by\", \"field\": \"winlog.event_data.SubjectUserName\", \"missingBucket\": false, \"missingBucketLabel\": \"Missing\", \"order\": \"desc\", \"orderBy\": \"1\", \"otherBucket\": false, \"otherBucketLabel\": \"Other\", \"size\": 5}, \"schema\": \"bucket\", \"type\": \"terms\"}, {\"enabled\": true, \"id\": \"5\", \"params\": {\"customLabel\": \"Performer LogonID\", \"field\": \"winlog.logon.id\", \"missingBucket\": false, \"missingBucketLabel\": \"Missing\", \"order\": \"desc\", \"orderBy\": \"1\", \"otherBucket\": false, \"otherBucketLabel\": \"Other\", \"size\": 5}, \"schema\": \"bucket\", \"type\": \"terms\"}], \"params\": {\"dimensions\": {\"buckets\": [{\"accessor\": 0, \"aggType\": \"terms\", \"format\": {\"id\": \"terms\", \"params\": {\"id\": \"string\", \"missingBucketLabel\": \"Missing\", \"otherBucketLabel\": \"Other\"}}, \"params\": {}}, {\"accessor\": 1, \"aggType\": \"terms\", \"format\": {\"id\": \"terms\", \"params\": {\"id\": \"string\", \"missingBucketLabel\": \"Missing\", \"otherBucketLabel\": \"Other\"}}, \"params\": {}}, {\"accessor\": 2, \"aggType\": \"terms\", \"format\": {\"id\": \"terms\", \"params\": {\"id\": \"string\", \"missingBucketLabel\": \"Missing\", \"otherBucketLabel\": \"Other\"}}, \"params\": {}}, {\"accessor\": 3, \"aggType\": \"terms\", \"format\": {\"id\": \"terms\", \"params\": {\"id\": \"string\", \"missingBucketLabel\": \"Missing\", \"otherBucketLabel\": \"Other\"}}, \"params\": {}}], \"metrics\": [{\"accessor\": 4, \"aggType\": \"count\", \"format\": {\"id\": \"number\"}, \"params\": {}}]}, \"perPage\": 5, \"percentageCol\": \"\", \"showMetricsAtAllLevels\": false, \"showPartialRows\": false, \"showTotal\": false, \"sort\": {\"columnIndex\": null, \"direction\": null}, \"totalFunc\": \"sum\"}, \"title\": \"Group Changes - Table [Winlogbeat Security]\", \"type\": \"table\"}"
            },
            "id": "9e534190-f49d-11e9-8405-516218e3d268",
            "migrationVersion": {
                "visualization": "7.7.0"
            },
            "references": [
                {
                    "id": "winlogbeat-*",
                    "name": "kibanaSavedObjectMeta.searchSourceJSON.index",
                    "type": "index-pattern"
                },
                {
                    "id": "winlogbeat-*",
                    "name": "kibanaSavedObjectMeta.searchSourceJSON.filter[0].meta.index",
                    "type": "index-pattern"
                }
            ],
            "type": "visualization",
            "updated_at": "2020-06-04T16:26:27.206Z",
            "version": "WzEzOCwxXQ=="
        },
        {
            "attributes": {
                "description": "",
                "kibanaSavedObjectMeta": {
                    "searchSourceJSON": "{\"filter\": [{\"$state\": {\"store\": \"appState\"}, \"meta\": {\"alias\": null, \"disabled\": false, \"indexRefName\": \"kibanaSavedObjectMeta.searchSourceJSON.filter[0].meta.index\", \"key\": \"event.code\", \"negate\": false, \"params\": [\"4734\", \"4730\", \"4758\", \"4748\", \"4763\", \"4753\", \"4792\", \"4789\"], \"type\": \"phrases\", \"value\": \"4734, 4730, 4758, 4748, 4763, 4753, 4792, 4789\"}, \"query\": {\"bool\": {\"minimum_should_match\": 1, \"should\": [{\"match_phrase\": {\"event.code\": \"4734\"}}, {\"match_phrase\": {\"event.code\": \"4730\"}}, {\"match_phrase\": {\"event.code\": \"4758\"}}, {\"match_phrase\": {\"event.code\": \"4748\"}}, {\"match_phrase\": {\"event.code\": \"4763\"}}, {\"match_phrase\": {\"event.code\": \"4753\"}}, {\"match_phrase\": {\"event.code\": \"4792\"}}, {\"match_phrase\": {\"event.code\": \"4789\"}}]}}}], \"indexRefName\": \"kibanaSavedObjectMeta.searchSourceJSON.index\", \"query\": {\"language\": \"kuery\", \"query\": \"\"}}"
                },
                "title": "Groups Deleted - Table [Winlogbeat Security]",
                "uiStateJSON": "{\"vis\": {\"params\": {\"sort\": {\"columnIndex\": null, \"direction\": null}}}}",
                "version": 1,
                "visState": "{\"aggs\": [{\"enabled\": true, \"id\": \"1\", \"params\": {}, \"schema\": \"metric\", \"type\": \"count\"}, {\"enabled\": true, \"id\": \"2\", \"params\": {\"customLabel\": \"Group\", \"field\": \"group.name\", \"missingBucket\": false, \"missingBucketLabel\": \"Missing\", \"order\": \"desc\", \"orderBy\": \"1\", \"otherBucket\": false, \"otherBucketLabel\": \"Other\", \"size\": 20}, \"schema\": \"bucket\", \"type\": \"terms\"}, {\"enabled\": true, \"id\": \"3\", \"params\": {\"customLabel\": \"Domain\", \"field\": \"group.domain\", \"missingBucket\": false, \"missingBucketLabel\": \"Missing\", \"order\": \"desc\", \"orderBy\": \"1\", \"otherBucket\": false, \"otherBucketLabel\": \"Other\", \"size\": 5}, \"schema\": \"bucket\", \"type\": \"terms\"}, {\"enabled\": true, \"id\": \"4\", \"params\": {\"customLabel\": \"Performed by\", \"field\": \"winlog.event_data.SubjectUserName\", \"missingBucket\": false, \"missingBucketLabel\": \"Missing\", \"order\": \"desc\", \"orderBy\": \"1\", \"otherBucket\": false, \"otherBucketLabel\": \"Other\", \"size\": 5}, \"schema\": \"bucket\", \"type\": \"terms\"}, {\"enabled\": true, \"id\": \"5\", \"params\": {\"customLabel\": \"Performer LogonID\", \"field\": \"winlog.logon.id\", \"missingBucket\": false, \"missingBucketLabel\": \"Missing\", \"order\": \"desc\", \"orderBy\": \"1\", \"otherBucket\": false, \"otherBucketLabel\": \"Other\", \"size\": 5}, \"schema\": \"bucket\", \"type\": \"terms\"}], \"params\": {\"dimensions\": {\"buckets\": [{\"accessor\": 0, \"aggType\": \"terms\", \"format\": {\"id\": \"terms\", \"params\": {\"id\": \"string\", \"missingBucketLabel\": \"Missing\", \"otherBucketLabel\": \"Other\"}}, \"params\": {}}, {\"accessor\": 1, \"aggType\": \"terms\", \"format\": {\"id\": \"terms\", \"params\": {\"id\": \"string\", \"missingBucketLabel\": \"Missing\", \"otherBucketLabel\": \"Other\"}}, \"params\": {}}, {\"accessor\": 2, \"aggType\": \"terms\", \"format\": {\"id\": \"terms\", \"params\": {\"id\": \"string\", \"missingBucketLabel\": \"Missing\", \"otherBucketLabel\": \"Other\"}}, \"params\": {}}, {\"accessor\": 3, \"aggType\": \"terms\", \"format\": {\"id\": \"terms\", \"params\": {\"id\": \"string\", \"missingBucketLabel\": \"Missing\", \"otherBucketLabel\": \"Other\"}}, \"params\": {}}], \"metrics\": [{\"accessor\": 4, \"aggType\": \"count\", \"format\": {\"id\": \"number\"}, \"params\": {}}]}, \"perPage\": 5, \"percentageCol\": \"\", \"showMetricsAtAllLevels\": false, \"showPartialRows\": false, \"showTotal\": false, \"sort\": {\"columnIndex\": null, \"direction\": null}, \"totalFunc\": \"sum\"}, \"title\": \"Groups Deleted - Table [Winlogbeat Security]\", \"type\": \"table\"}"
            },
            "id": "bb9cf7a0-f49d-11e9-8405-516218e3d268",
            "migrationVersion": {
                "visualization": "7.7.0"
            },
            "references": [
                {
                    "id": "winlogbeat-*",
                    "name": "kibanaSavedObjectMeta.searchSourceJSON.index",
                    "type": "index-pattern"
                },
                {
                    "id": "winlogbeat-*",
                    "name": "kibanaSavedObjectMeta.searchSourceJSON.filter[0].meta.index",
                    "type": "index-pattern"
                }
            ],
            "type": "visualization",
            "updated_at": "2020-06-04T16:26:27.206Z",
            "version": "WzEzOSwxXQ=="
        },
        {
            "attributes": {
                "description": "",
                "kibanaSavedObjectMeta": {
                    "searchSourceJSON": "{\"filter\": [{\"$state\": {\"store\": \"appState\"}, \"meta\": {\"alias\": null, \"disabled\": false, \"indexRefName\": \"kibanaSavedObjectMeta.searchSourceJSON.filter[0].meta.index\", \"key\": \"event.code\", \"negate\": false, \"params\": [\"4732\", \"4728\", \"4756\", \"4751\", \"4761\", \"4746\", \"4785\", \"4787\"], \"type\": \"phrases\", \"value\": \"4732, 4728, 4756, 4751, 4761, 4746, 4785, 4787\"}, \"query\": {\"bool\": {\"minimum_should_match\": 1, \"should\": [{\"match_phrase\": {\"event.code\": \"4732\"}}, {\"match_phrase\": {\"event.code\": \"4728\"}}, {\"match_phrase\": {\"event.code\": \"4756\"}}, {\"match_phrase\": {\"event.code\": \"4751\"}}, {\"match_phrase\": {\"event.code\": \"4761\"}}, {\"match_phrase\": {\"event.code\": \"4746\"}}, {\"match_phrase\": {\"event.code\": \"4785\"}}, {\"match_phrase\": {\"event.code\": \"4787\"}}]}}}], \"indexRefName\": \"kibanaSavedObjectMeta.searchSourceJSON.index\", \"query\": {\"language\": \"kuery\", \"query\": \"\"}}"
                },
                "title": "Users Added - Table [Winlogbeat Security]",
                "uiStateJSON": "{\"vis\": {\"params\": {\"sort\": {\"columnIndex\": null, \"direction\": null}}}}",
                "version": 1,
                "visState": "{\"aggs\": [{\"enabled\": true, \"id\": \"1\", \"params\": {}, \"schema\": \"metric\", \"type\": \"count\"}, {\"enabled\": true, \"id\": \"2\", \"params\": {\"customLabel\": \"User\", \"field\": \"winlog.event_data.MemberName\", \"missingBucket\": false, \"missingBucketLabel\": \"Missing\", \"order\": \"desc\", \"orderBy\": \"1\", \"otherBucket\": false, \"otherBucketLabel\": \"Other\", \"size\": 5}, \"schema\": \"bucket\", \"type\": \"terms\"}, {\"enabled\": true, \"id\": \"3\", \"params\": {\"customLabel\": \"Group\", \"field\": \"group.name\", \"missingBucket\": false, \"missingBucketLabel\": \"Missing\", \"order\": \"desc\", \"orderBy\": \"1\", \"otherBucket\": false, \"otherBucketLabel\": \"Other\", \"size\": 10}, \"schema\": \"bucket\", \"type\": \"terms\"}, {\"enabled\": true, \"id\": \"4\", \"params\": {\"customLabel\": \"Domain\", \"field\": \"group.domain\", \"missingBucket\": false, \"missingBucketLabel\": \"Missing\", \"order\": \"desc\", \"orderBy\": \"1\", \"otherBucket\": false, \"otherBucketLabel\": \"Other\", \"size\": 5}, \"schema\": \"bucket\", \"type\": \"terms\"}, {\"enabled\": true, \"id\": \"5\", \"params\": {\"customLabel\": \"Performed by\", \"field\": \"user.name\", \"missingBucket\": false, \"missingBucketLabel\": \"Missing\", \"order\": \"desc\", \"orderBy\": \"1\", \"otherBucket\": false, \"otherBucketLabel\": \"Other\", \"size\": 5}, \"schema\": \"bucket\", \"type\": \"terms\"}, {\"enabled\": true, \"id\": \"6\", \"params\": {\"customLabel\": \"Performed by Logon ID\", \"field\": \"winlog.logon.id\", \"missingBucket\": false, \"missingBucketLabel\": \"Missing\", \"order\": \"desc\", \"orderBy\": \"1\", \"otherBucket\": false, \"otherBucketLabel\": \"Other\", \"size\": 5}, \"schema\": \"bucket\", \"type\": \"terms\"}], \"params\": {\"dimensions\": {\"buckets\": [{\"accessor\": 0, \"aggType\": \"terms\", \"format\": {\"id\": \"terms\", \"params\": {\"id\": \"string\", \"missingBucketLabel\": \"Missing\", \"otherBucketLabel\": \"Other\"}}, \"params\": {}}, {\"accessor\": 1, \"aggType\": \"terms\", \"format\": {\"id\": \"terms\", \"params\": {\"id\": \"string\", \"missingBucketLabel\": \"Missing\", \"otherBucketLabel\": \"Other\"}}, \"params\": {}}, {\"accessor\": 2, \"aggType\": \"terms\", \"format\": {\"id\": \"terms\", \"params\": {\"id\": \"string\", \"missingBucketLabel\": \"Missing\", \"otherBucketLabel\": \"Other\"}}, \"params\": {}}, {\"accessor\": 3, \"aggType\": \"terms\", \"format\": {\"id\": \"terms\", \"params\": {\"id\": \"string\", \"missingBucketLabel\": \"Missing\", \"otherBucketLabel\": \"Other\"}}, \"params\": {}}, {\"accessor\": 4, \"aggType\": \"terms\", \"format\": {\"id\": \"terms\", \"params\": {\"id\": \"string\", \"missingBucketLabel\": \"Missing\", \"otherBucketLabel\": \"Other\"}}, \"params\": {}}], \"metrics\": [{\"accessor\": 5, \"aggType\": \"count\", \"format\": {\"id\": \"number\"}, \"params\": {}}]}, \"perPage\": 5, \"percentageCol\": \"\", \"showMetricsAtAllLevels\": false, \"showPartialRows\": false, \"showTotal\": false, \"sort\": {\"columnIndex\": null, \"direction\": null}, \"totalFunc\": \"sum\"}, \"title\": \"Users Added - Table [Winlogbeat Security]\", \"type\": \"table\"}"
            },
            "id": "ce867840-f49e-11e9-8405-516218e3d268",
            "migrationVersion": {
                "visualization": "7.7.0"
            },
            "references": [
                {
                    "id": "winlogbeat-*",
                    "name": "kibanaSavedObjectMeta.searchSourceJSON.index",
                    "type": "index-pattern"
                },
                {
                    "id": "winlogbeat-*",
                    "name": "kibanaSavedObjectMeta.searchSourceJSON.filter[0].meta.index",
                    "type": "index-pattern"
                }
            ],
            "type": "visualization",
            "updated_at": "2020-06-04T16:26:27.206Z",
            "version": "WzE0MCwxXQ=="
        },
        {
            "attributes": {
                "description": "",
                "kibanaSavedObjectMeta": {
                    "searchSourceJSON": "{\"filter\": [{\"$state\": {\"store\": \"appState\"}, \"meta\": {\"alias\": null, \"disabled\": false, \"indexRefName\": \"kibanaSavedObjectMeta.searchSourceJSON.filter[0].meta.index\", \"key\": \"event.code\", \"negate\": false, \"params\": [\"4733\", \"4729\", \"4757\", \"4786\", \"4788\", \"4752\", \"4762\", \"4747\"], \"type\": \"phrases\", \"value\": \"4733, 4729, 4757, 4786, 4788, 4752, 4762, 4747\"}, \"query\": {\"bool\": {\"minimum_should_match\": 1, \"should\": [{\"match_phrase\": {\"event.code\": \"4733\"}}, {\"match_phrase\": {\"event.code\": \"4729\"}}, {\"match_phrase\": {\"event.code\": \"4757\"}}, {\"match_phrase\": {\"event.code\": \"4786\"}}, {\"match_phrase\": {\"event.code\": \"4788\"}}, {\"match_phrase\": {\"event.code\": \"4752\"}}, {\"match_phrase\": {\"event.code\": \"4762\"}}, {\"match_phrase\": {\"event.code\": \"4747\"}}]}}}], \"indexRefName\": \"kibanaSavedObjectMeta.searchSourceJSON.index\", \"query\": {\"language\": \"kuery\", \"query\": \"\"}}"
                },
                "title": "Users Removed from Group - Table [Winlogbeat Security]",
                "uiStateJSON": "{\"vis\": {\"params\": {\"sort\": {\"columnIndex\": null, \"direction\": null}}}}",
                "version": 1,
                "visState": "{\"aggs\": [{\"enabled\": true, \"id\": \"1\", \"params\": {}, \"schema\": \"metric\", \"type\": \"count\"}, {\"enabled\": true, \"id\": \"2\", \"params\": {\"customLabel\": \"User\", \"field\": \"winlog.event_data.MemberName\", \"missingBucket\": false, \"missingBucketLabel\": \"Missing\", \"order\": \"desc\", \"orderBy\": \"1\", \"otherBucket\": false, \"otherBucketLabel\": \"Other\", \"size\": 5}, \"schema\": \"bucket\", \"type\": \"terms\"}, {\"enabled\": true, \"id\": \"3\", \"params\": {\"customLabel\": \"Group\", \"field\": \"group.name\", \"missingBucket\": false, \"missingBucketLabel\": \"Missing\", \"order\": \"desc\", \"orderBy\": \"1\", \"otherBucket\": false, \"otherBucketLabel\": \"Other\", \"size\": 10}, \"schema\": \"bucket\", \"type\": \"terms\"}, {\"enabled\": true, \"id\": \"4\", \"params\": {\"customLabel\": \"Domain\", \"field\": \"group.domain\", \"missingBucket\": false, \"missingBucketLabel\": \"Missing\", \"order\": \"desc\", \"orderBy\": \"1\", \"otherBucket\": false, \"otherBucketLabel\": \"Other\", \"size\": 5}, \"schema\": \"bucket\", \"type\": \"terms\"}, {\"enabled\": true, \"id\": \"5\", \"params\": {\"customLabel\": \"Performed by\", \"field\": \"winlog.event_data.SubjectUserName\", \"missingBucket\": false, \"missingBucketLabel\": \"Missing\", \"order\": \"desc\", \"orderBy\": \"1\", \"otherBucket\": false, \"otherBucketLabel\": \"Other\", \"size\": 5}, \"schema\": \"bucket\", \"type\": \"terms\"}, {\"enabled\": true, \"id\": \"6\", \"params\": {\"customLabel\": \"Performed by Logon ID\", \"field\": \"winlog.logon.id\", \"missingBucket\": false, \"missingBucketLabel\": \"Missing\", \"order\": \"desc\", \"orderBy\": \"1\", \"otherBucket\": false, \"otherBucketLabel\": \"Other\", \"size\": 5}, \"schema\": \"bucket\", \"type\": \"terms\"}], \"params\": {\"dimensions\": {\"buckets\": [{\"accessor\": 0, \"aggType\": \"terms\", \"format\": {\"id\": \"terms\", \"params\": {\"id\": \"string\", \"missingBucketLabel\": \"Missing\", \"otherBucketLabel\": \"Other\"}}, \"params\": {}}, {\"accessor\": 1, \"aggType\": \"terms\", \"format\": {\"id\": \"terms\", \"params\": {\"id\": \"string\", \"missingBucketLabel\": \"Missing\", \"otherBucketLabel\": \"Other\"}}, \"params\": {}}, {\"accessor\": 2, \"aggType\": \"terms\", \"format\": {\"id\": \"terms\", \"params\": {\"id\": \"string\", \"missingBucketLabel\": \"Missing\", \"otherBucketLabel\": \"Other\"}}, \"params\": {}}, {\"accessor\": 3, \"aggType\": \"terms\", \"format\": {\"id\": \"terms\", \"params\": {\"id\": \"string\", \"missingBucketLabel\": \"Missing\", \"otherBucketLabel\": \"Other\"}}, \"params\": {}}, {\"accessor\": 4, \"aggType\": \"terms\", \"format\": {\"id\": \"terms\", \"params\": {\"id\": \"string\", \"missingBucketLabel\": \"Missing\", \"otherBucketLabel\": \"Other\"}}, \"params\": {}}], \"metrics\": [{\"accessor\": 5, \"aggType\": \"count\", \"format\": {\"id\": \"number\"}, \"params\": {}}]}, \"perPage\": 5, \"percentageCol\": \"\", \"showMetricsAtAllLevels\": false, \"showPartialRows\": false, \"showTotal\": false, \"sort\": {\"columnIndex\": null, \"direction\": null}, \"totalFunc\": \"sum\"}, \"title\": \"Users Removed from Group - Table [Winlogbeat Security]\", \"type\": \"table\"}"
            },
            "id": "fee83900-f49f-11e9-8405-516218e3d268",
            "migrationVersion": {
                "visualization": "7.7.0"
            },
            "references": [
                {
                    "id": "winlogbeat-*",
                    "name": "kibanaSavedObjectMeta.searchSourceJSON.index",
                    "type": "index-pattern"
                },
                {
                    "id": "winlogbeat-*",
                    "name": "kibanaSavedObjectMeta.searchSourceJSON.filter[0].meta.index",
                    "type": "index-pattern"
                }
            ],
            "type": "visualization",
            "updated_at": "2020-06-04T16:26:27.206Z",
            "version": "WzE0MSwxXQ=="
        },
        {
            "attributes": {
                "description": "",
                "kibanaSavedObjectMeta": {
                    "searchSourceJSON": "{\"filter\": [{\"$state\": {\"store\": \"appState\"}, \"meta\": {\"alias\": null, \"disabled\": false, \"indexRefName\": \"kibanaSavedObjectMeta.searchSourceJSON.filter[0].meta.index\", \"key\": \"event.code\", \"negate\": false, \"params\": [\"4799\"], \"type\": \"phrases\", \"value\": \"4799\"}, \"query\": {\"bool\": {\"minimum_should_match\": 1, \"should\": [{\"match_phrase\": {\"event.code\": \"4799\"}}]}}}], \"indexRefName\": \"kibanaSavedObjectMeta.searchSourceJSON.index\", \"query\": {\"language\": \"kuery\", \"query\": \"\"}}"
                },
                "title": "Group Enumeration - Table [Winlogbeat Security]",
                "uiStateJSON": "{\"vis\": {\"params\": {\"sort\": {\"columnIndex\": null, \"direction\": null}}}}",
                "version": 1,
                "visState": "{\"aggs\": [{\"enabled\": true, \"id\": \"1\", \"params\": {}, \"schema\": \"metric\", \"type\": \"count\"}, {\"enabled\": true, \"id\": \"2\", \"params\": {\"customLabel\": \"Group\", \"field\": \"group.name\", \"missingBucket\": false, \"missingBucketLabel\": \"Missing\", \"order\": \"desc\", \"orderBy\": \"1\", \"otherBucket\": false, \"otherBucketLabel\": \"Other\", \"size\": 20}, \"schema\": \"bucket\", \"type\": \"terms\"}, {\"enabled\": true, \"id\": \"3\", \"params\": {\"customLabel\": \"Domain\", \"field\": \"group.domain\", \"missingBucket\": false, \"missingBucketLabel\": \"Missing\", \"order\": \"desc\", \"orderBy\": \"1\", \"otherBucket\": false, \"otherBucketLabel\": \"Other\", \"size\": 5}, \"schema\": \"bucket\", \"type\": \"terms\"}, {\"enabled\": true, \"id\": \"4\", \"params\": {\"customLabel\": \"Creator\", \"field\": \"winlog.event_data.SubjectUserName\", \"missingBucket\": false, \"missingBucketLabel\": \"Missing\", \"order\": \"desc\", \"orderBy\": \"1\", \"otherBucket\": false, \"otherBucketLabel\": \"Other\", \"size\": 5}, \"schema\": \"bucket\", \"type\": \"terms\"}, {\"enabled\": true, \"id\": \"5\", \"params\": {\"customLabel\": \"Creator LogonID\", \"field\": \"winlog.logon.id\", \"missingBucket\": false, \"missingBucketLabel\": \"Missing\", \"order\": \"desc\", \"orderBy\": \"1\", \"otherBucket\": false, \"otherBucketLabel\": \"Other\", \"size\": 5}, \"schema\": \"bucket\", \"type\": \"terms\"}], \"params\": {\"dimensions\": {\"buckets\": [{\"accessor\": 0, \"aggType\": \"terms\", \"format\": {\"id\": \"terms\", \"params\": {\"id\": \"string\", \"missingBucketLabel\": \"Missing\", \"otherBucketLabel\": \"Other\"}}, \"params\": {}}, {\"accessor\": 1, \"aggType\": \"terms\", \"format\": {\"id\": \"terms\", \"params\": {\"id\": \"string\", \"missingBucketLabel\": \"Missing\", \"otherBucketLabel\": \"Other\"}}, \"params\": {}}, {\"accessor\": 2, \"aggType\": \"terms\", \"format\": {\"id\": \"terms\", \"params\": {\"id\": \"string\", \"missingBucketLabel\": \"Missing\", \"otherBucketLabel\": \"Other\"}}, \"params\": {}}, {\"accessor\": 3, \"aggType\": \"terms\", \"format\": {\"id\": \"terms\", \"params\": {\"id\": \"string\", \"missingBucketLabel\": \"Missing\", \"otherBucketLabel\": \"Other\"}}, \"params\": {}}], \"metrics\": [{\"accessor\": 4, \"aggType\": \"count\", \"format\": {\"id\": \"number\"}, \"params\": {}}]}, \"perPage\": 5, \"showMetricsAtAllLevels\": false, \"showPartialRows\": false, \"showTotal\": false, \"sort\": {\"columnIndex\": null, \"direction\": null}, \"totalFunc\": \"sum\"}, \"title\": \"Group Enumeration - Table [Winlogbeat Security]\", \"type\": \"table\"}"
            },
            "id": "bc165210-f4b8-11e9-8405-516218e3d268",
            "migrationVersion": {
                "visualization": "7.7.0"
            },
            "references": [
                {
                    "id": "winlogbeat-*",
                    "name": "kibanaSavedObjectMeta.searchSourceJSON.index",
                    "type": "index-pattern"
                },
                {
                    "id": "winlogbeat-*",
                    "name": "kibanaSavedObjectMeta.searchSourceJSON.filter[0].meta.index",
                    "type": "index-pattern"
                }
            ],
            "type": "visualization",
            "updated_at": "2020-06-04T16:26:27.206Z",
            "version": "WzE0MiwxXQ=="
        },
        {
            "attributes": {
                "columns": [
                    "user.name",
                    "source.domain",
                    "source.ip",
                    "winlog.logon.id",
                    "winlog.logon.type"
                ],
                "description": "",
                "hits": 0,
                "kibanaSavedObjectMeta": {
                    "searchSourceJSON": "{\"filter\": [{\"$state\": {\"store\": \"appState\"}, \"meta\": {\"alias\": null, \"disabled\": false, \"indexRefName\": \"kibanaSavedObjectMeta.searchSourceJSON.filter[0].meta.index\", \"key\": \"event.code\", \"negate\": false, \"params\": [\"4624\"], \"type\": \"phrases\", \"value\": \"4624\"}, \"query\": {\"bool\": {\"minimum_should_match\": 1, \"should\": [{\"match_phrase\": {\"event.code\": \"4624\"}}]}}}], \"highlightAll\": true, \"indexRefName\": \"kibanaSavedObjectMeta.searchSourceJSON.index\", \"query\": {\"language\": \"kuery\", \"query\": \"\"}, \"version\": true}"
                },
                "sort": [
                    [
                        "@timestamp",
                        "desc"
                    ]
                ],
                "title": "Logon Details [Winlogbeat Security]",
                "version": 1
            },
            "id": "7e178c80-fee1-11e9-8405-516218e3d268",
            "migrationVersion": {
                "search": "7.4.0"
            },
            "references": [
                {
                    "id": "winlogbeat-*",
                    "name": "kibanaSavedObjectMeta.searchSourceJSON.index",
                    "type": "index-pattern"
                },
                {
                    "id": "winlogbeat-*",
                    "name": "kibanaSavedObjectMeta.searchSourceJSON.filter[0].meta.index",
                    "type": "index-pattern"
                }
            ],
            "type": "search",
            "updated_at": "2020-06-04T16:26:27.206Z",
            "version": "WzE0MywxXQ=="
        },
        {
            "attributes": {
                "description": "",
                "kibanaSavedObjectMeta": {
                    "searchSourceJSON": "{\"filter\": [{\"$state\": {\"store\": \"appState\"}, \"meta\": {\"alias\": null, \"disabled\": false, \"indexRefName\": \"kibanaSavedObjectMeta.searchSourceJSON.filter[0].meta.index\", \"key\": \"event.code\", \"negate\": false, \"params\": [\"4732\", \"4728\", \"4756\", \"4751\", \"4761\", \"4746\", \"4785\", \"4787\"], \"type\": \"phrases\", \"value\": \"4732, 4728, 4756, 4751, 4761, 4746, 4785, 4787\"}, \"query\": {\"bool\": {\"minimum_should_match\": 1, \"should\": [{\"match_phrase\": {\"event.code\": \"4732\"}}, {\"match_phrase\": {\"event.code\": \"4728\"}}, {\"match_phrase\": {\"event.code\": \"4756\"}}, {\"match_phrase\": {\"event.code\": \"4751\"}}, {\"match_phrase\": {\"event.code\": \"4761\"}}, {\"match_phrase\": {\"event.code\": \"4746\"}}, {\"match_phrase\": {\"event.code\": \"4785\"}}, {\"match_phrase\": {\"event.code\": \"4787\"}}]}}}], \"indexRefName\": \"kibanaSavedObjectMeta.searchSourceJSON.index\", \"query\": {\"language\": \"lucene\", \"query\": \"\"}}"
                },
                "title": "Users Added - Simple Metric [Winlogbeat Security]",
                "uiStateJSON": "{}",
                "version": 1,
                "visState": "{\"aggs\": [{\"enabled\": true, \"id\": \"1\", \"params\": {\"customLabel\": \"Users Added to Groups\"}, \"schema\": \"metric\", \"type\": \"count\"}], \"params\": {\"addLegend\": false, \"addTooltip\": true, \"dimensions\": {\"metrics\": [{\"accessor\": 0, \"format\": {\"id\": \"number\", \"params\": {}}, \"type\": \"vis_dimension\"}]}, \"metric\": {\"colorSchema\": \"Reds\", \"colorsRange\": [{\"from\": 0, \"to\": 1, \"type\": \"range\"}, {\"from\": 1, \"to\": 5}, {\"from\": 5, \"to\": 10}, {\"from\": 10, \"to\": 15}, {\"from\": 15, \"to\": 20}, {\"from\": 20, \"to\": 9999}], \"invertColors\": false, \"labels\": {\"show\": true}, \"metricColorMode\": \"Labels\", \"percentageMode\": false, \"style\": {\"bgColor\": true, \"bgFill\": \"#000\", \"fontSize\": 60, \"labelColor\": false, \"subText\": \"\"}, \"useRanges\": false}, \"type\": \"metric\"}, \"title\": \"Users Added - Simple Metric [Winlogbeat Security]\", \"type\": \"metric\"}"
            },
            "id": "a13bf640-fee8-11e9-8405-516218e3d268",
            "migrationVersion": {
                "visualization": "7.7.0"
            },
            "references": [
                {
                    "id": "winlogbeat-*",
                    "name": "kibanaSavedObjectMeta.searchSourceJSON.index",
                    "type": "index-pattern"
                },
                {
                    "id": "winlogbeat-*",
                    "name": "kibanaSavedObjectMeta.searchSourceJSON.filter[0].meta.index",
                    "type": "index-pattern"
                }
            ],
            "type": "visualization",
            "updated_at": "2020-06-04T16:26:22.158Z",
            "version": "WzMwLDFd"
        },
        {
            "attributes": {
                "description": "",
                "kibanaSavedObjectMeta": {
                    "searchSourceJSON": "{\"filter\": [{\"$state\": {\"store\": \"appState\"}, \"meta\": {\"alias\": null, \"disabled\": false, \"indexRefName\": \"kibanaSavedObjectMeta.searchSourceJSON.filter[0].meta.index\", \"key\": \"event.code\", \"negate\": false, \"params\": [\"4734\", \"4730\", \"4758\", \"4748\", \"4763\", \"4753\", \"4792\", \"4789\"], \"type\": \"phrases\", \"value\": \"4734, 4730, 4758, 4748, 4763, 4753, 4792, 4789\"}, \"query\": {\"bool\": {\"minimum_should_match\": 1, \"should\": [{\"match_phrase\": {\"event.code\": \"4734\"}}, {\"match_phrase\": {\"event.code\": \"4730\"}}, {\"match_phrase\": {\"event.code\": \"4758\"}}, {\"match_phrase\": {\"event.code\": \"4748\"}}, {\"match_phrase\": {\"event.code\": \"4763\"}}, {\"match_phrase\": {\"event.code\": \"4753\"}}, {\"match_phrase\": {\"event.code\": \"4792\"}}, {\"match_phrase\": {\"event.code\": \"4789\"}}]}}}], \"indexRefName\": \"kibanaSavedObjectMeta.searchSourceJSON.index\", \"query\": {\"language\": \"lucene\", \"query\": \"\"}}"
                },
                "title": "Groups Deleted- Simple Metric [Winlogbeat Security]",
                "uiStateJSON": "{}",
                "version": 1,
                "visState": "{\"aggs\": [{\"enabled\": true, \"id\": \"1\", \"params\": {\"customLabel\": \"Groups Deleted\"}, \"schema\": \"metric\", \"type\": \"count\"}], \"params\": {\"addLegend\": false, \"addTooltip\": true, \"dimensions\": {\"metrics\": [{\"accessor\": 0, \"format\": {\"id\": \"number\", \"params\": {}}, \"type\": \"vis_dimension\"}]}, \"metric\": {\"colorSchema\": \"Greens\", \"colorsRange\": [{\"from\": 0, \"to\": 1, \"type\": \"range\"}, {\"from\": 1, \"to\": 5}, {\"from\": 5, \"to\": 10}, {\"from\": 10, \"to\": 15}, {\"from\": 15, \"to\": 20}, {\"from\": 20, \"to\": 10000}], \"invertColors\": false, \"labels\": {\"show\": true}, \"metricColorMode\": \"Labels\", \"percentageMode\": false, \"style\": {\"bgColor\": true, \"bgFill\": \"#000\", \"fontSize\": 60, \"labelColor\": false, \"subText\": \"\"}, \"useRanges\": false}, \"type\": \"metric\"}, \"title\": \"Groups Deleted- Simple Metric [Winlogbeat Security]\", \"type\": \"metric\"}"
            },
            "id": "5eeaafd0-fee7-11e9-8405-516218e3d268",
            "migrationVersion": {
                "visualization": "7.7.0"
            },
            "references": [
                {
                    "id": "winlogbeat-*",
                    "name": "kibanaSavedObjectMeta.searchSourceJSON.index",
                    "type": "index-pattern"
                },
                {
                    "id": "winlogbeat-*",
                    "name": "kibanaSavedObjectMeta.searchSourceJSON.filter[0].meta.index",
                    "type": "index-pattern"
                }
            ],
            "type": "visualization",
            "updated_at": "2020-06-04T16:26:22.158Z",
            "version": "WzMxLDFd"
        },
        {
            "attributes": {
                "description": "",
                "kibanaSavedObjectMeta": {
                    "searchSourceJSON": "{\"filter\": [{\"$state\": {\"store\": \"appState\"}, \"meta\": {\"alias\": null, \"disabled\": false, \"indexRefName\": \"kibanaSavedObjectMeta.searchSourceJSON.filter[0].meta.index\", \"key\": \"event.code\", \"negate\": false, \"params\": [\"4731\", \"4727\", \"4754\", \"4744\", \"4759\", \"4779\", \"4790\", \"4783\"], \"type\": \"phrases\", \"value\": \"4731, 4727, 4754, 4744, 4759, 4779, 4790, 4783\"}, \"query\": {\"bool\": {\"minimum_should_match\": 1, \"should\": [{\"match_phrase\": {\"event.code\": \"4731\"}}, {\"match_phrase\": {\"event.code\": \"4727\"}}, {\"match_phrase\": {\"event.code\": \"4754\"}}, {\"match_phrase\": {\"event.code\": \"4744\"}}, {\"match_phrase\": {\"event.code\": \"4759\"}}, {\"match_phrase\": {\"event.code\": \"4779\"}}, {\"match_phrase\": {\"event.code\": \"4790\"}}, {\"match_phrase\": {\"event.code\": \"4783\"}}]}}}], \"indexRefName\": \"kibanaSavedObjectMeta.searchSourceJSON.index\", \"query\": {\"language\": \"lucene\", \"query\": \"\"}}"
                },
                "title": "Groups Created - Simple Metric [Winlogbeat Security]",
                "uiStateJSON": "{}",
                "version": 1,
                "visState": "{\"aggs\": [{\"enabled\": true, \"id\": \"1\", \"params\": {\"customLabel\": \"Groups Created\"}, \"schema\": \"metric\", \"type\": \"count\"}], \"params\": {\"addLegend\": false, \"addTooltip\": true, \"dimensions\": {\"metrics\": [{\"accessor\": 0, \"format\": {\"id\": \"number\", \"params\": {}}, \"type\": \"vis_dimension\"}]}, \"metric\": {\"colorSchema\": \"Reds\", \"colorsRange\": [{\"from\": 0, \"to\": 1, \"type\": \"range\"}, {\"from\": 1, \"to\": 10}, {\"from\": 10, \"to\": 20}, {\"from\": 20, \"to\": 9999}], \"invertColors\": false, \"labels\": {\"show\": true}, \"metricColorMode\": \"Labels\", \"percentageMode\": false, \"style\": {\"bgColor\": true, \"bgFill\": \"#000\", \"fontSize\": 60, \"labelColor\": false, \"subText\": \"\"}, \"useRanges\": false}, \"type\": \"metric\"}, \"title\": \"Groups Created - Simple Metric [Winlogbeat Security]\", \"type\": \"metric\"}"
            },
            "id": "f42f3b20-fee6-11e9-8405-516218e3d268",
            "migrationVersion": {
                "visualization": "7.7.0"
            },
            "references": [
                {
                    "id": "winlogbeat-*",
                    "name": "kibanaSavedObjectMeta.searchSourceJSON.index",
                    "type": "index-pattern"
                },
                {
                    "id": "winlogbeat-*",
                    "name": "kibanaSavedObjectMeta.searchSourceJSON.filter[0].meta.index",
                    "type": "index-pattern"
                }
            ],
            "type": "visualization",
            "updated_at": "2020-06-04T16:26:22.158Z",
            "version": "WzMyLDFd"
        },
        {
            "attributes": {
                "description": "",
                "kibanaSavedObjectMeta": {
                    "searchSourceJSON": "{\"filter\": [{\"$state\": {\"store\": \"appState\"}, \"meta\": {\"alias\": null, \"disabled\": false, \"indexRefName\": \"kibanaSavedObjectMeta.searchSourceJSON.filter[0].meta.index\", \"key\": \"event.code\", \"negate\": false, \"params\": [\"4735\", \"4737\", \"4755\", \"4750\", \"4760\", \"4745\", \"4791\", \"4784\", \"4764\"], \"type\": \"phrases\", \"value\": \"4735, 4737, 4755, 4750, 4760, 4745, 4791, 4784, 4764\"}, \"query\": {\"bool\": {\"minimum_should_match\": 1, \"should\": [{\"match_phrase\": {\"event.code\": \"4735\"}}, {\"match_phrase\": {\"event.code\": \"4737\"}}, {\"match_phrase\": {\"event.code\": \"4755\"}}, {\"match_phrase\": {\"event.code\": \"4750\"}}, {\"match_phrase\": {\"event.code\": \"4760\"}}, {\"match_phrase\": {\"event.code\": \"4745\"}}, {\"match_phrase\": {\"event.code\": \"4791\"}}, {\"match_phrase\": {\"event.code\": \"4784\"}}, {\"match_phrase\": {\"event.code\": \"4764\"}}]}}}], \"indexRefName\": \"kibanaSavedObjectMeta.searchSourceJSON.index\", \"query\": {\"language\": \"lucene\", \"query\": \"\"}}"
                },
                "title": "Groups Changes - Simple Metric [Winlogbeat Security]",
                "uiStateJSON": "{}",
                "version": 1,
                "visState": "{\"aggs\": [{\"enabled\": true, \"id\": \"1\", \"params\": {\"customLabel\": \"Groups Changed\"}, \"schema\": \"metric\", \"type\": \"count\"}], \"params\": {\"addLegend\": false, \"addTooltip\": true, \"dimensions\": {\"metrics\": [{\"accessor\": 0, \"format\": {\"id\": \"number\", \"params\": {}}, \"type\": \"vis_dimension\"}]}, \"metric\": {\"colorSchema\": \"Yellow to Red\", \"colorsRange\": [{\"from\": 0, \"to\": 1, \"type\": \"range\"}, {\"from\": 1, \"to\": 5}, {\"from\": 5, \"to\": 10}, {\"from\": 10, \"to\": 15}, {\"from\": 15, \"to\": 20}, {\"from\": 20, \"to\": 100000}], \"invertColors\": false, \"labels\": {\"show\": true}, \"metricColorMode\": \"Labels\", \"percentageMode\": false, \"style\": {\"bgColor\": true, \"bgFill\": \"#000\", \"fontSize\": 60, \"labelColor\": false, \"subText\": \"\"}, \"useRanges\": false}, \"type\": \"metric\"}, \"title\": \"Groups Changes - Simple Metric [Winlogbeat Security]\", \"type\": \"metric\"}"
            },
            "id": "b5f38780-fee6-11e9-8405-516218e3d268",
            "migrationVersion": {
                "visualization": "7.7.0"
            },
            "references": [
                {
                    "id": "winlogbeat-*",
                    "name": "kibanaSavedObjectMeta.searchSourceJSON.index",
                    "type": "index-pattern"
                },
                {
                    "id": "winlogbeat-*",
                    "name": "kibanaSavedObjectMeta.searchSourceJSON.filter[0].meta.index",
                    "type": "index-pattern"
                }
            ],
            "type": "visualization",
            "updated_at": "2020-06-04T16:26:22.158Z",
            "version": "WzMzLDFd"
        },
        {
            "attributes": {
                "description": "",
                "kibanaSavedObjectMeta": {
                    "searchSourceJSON": "{\"filter\": [{\"$state\": {\"store\": \"appState\"}, \"meta\": {\"alias\": null, \"disabled\": false, \"indexRefName\": \"kibanaSavedObjectMeta.searchSourceJSON.filter[0].meta.index\", \"key\": \"event.code\", \"negate\": false, \"params\": [\"4733\", \"4729\", \"4757\", \"4786\", \"4788\", \"4752\", \"4762\", \"4747\"], \"type\": \"phrases\", \"value\": \"4733, 4729, 4757, 4786, 4788, 4752, 4762, 4747\"}, \"query\": {\"bool\": {\"minimum_should_match\": 1, \"should\": [{\"match_phrase\": {\"event.code\": \"4733\"}}, {\"match_phrase\": {\"event.code\": \"4729\"}}, {\"match_phrase\": {\"event.code\": \"4757\"}}, {\"match_phrase\": {\"event.code\": \"4786\"}}, {\"match_phrase\": {\"event.code\": \"4788\"}}, {\"match_phrase\": {\"event.code\": \"4752\"}}, {\"match_phrase\": {\"event.code\": \"4762\"}}, {\"match_phrase\": {\"event.code\": \"4747\"}}]}}}], \"indexRefName\": \"kibanaSavedObjectMeta.searchSourceJSON.index\", \"query\": {\"language\": \"lucene\", \"query\": \"\"}}"
                },
                "title": "Users Removed from Group  - Simple Metric [Winlogbeat Security]",
                "uiStateJSON": "{}",
                "version": 1,
                "visState": "{\"aggs\": [{\"enabled\": true, \"id\": \"1\", \"params\": {\"customLabel\": \"Users Removed from  Groups\"}, \"schema\": \"metric\", \"type\": \"count\"}], \"params\": {\"addLegend\": false, \"addTooltip\": true, \"dimensions\": {\"metrics\": [{\"accessor\": 0, \"format\": {\"id\": \"number\", \"params\": {}}, \"type\": \"vis_dimension\"}]}, \"metric\": {\"colorSchema\": \"Greens\", \"colorsRange\": [{\"from\": 0, \"to\": 1, \"type\": \"range\"}, {\"from\": 1, \"to\": 5}, {\"from\": 5, \"to\": 9}, {\"from\": 9, \"to\": 13}, {\"from\": 13, \"to\": 17}, {\"from\": 17, \"to\": 20000}], \"invertColors\": false, \"labels\": {\"show\": true}, \"metricColorMode\": \"Labels\", \"percentageMode\": false, \"style\": {\"bgColor\": true, \"bgFill\": \"#000\", \"fontSize\": 60, \"labelColor\": false, \"subText\": \"\"}, \"useRanges\": false}, \"type\": \"metric\"}, \"title\": \"Users Removed from Group  - Simple Metric [Winlogbeat Security]\", \"type\": \"metric\"}"
            },
            "id": "1b5f17d0-feea-11e9-8405-516218e3d268",
            "migrationVersion": {
                "visualization": "7.7.0"
            },
            "references": [
                {
                    "id": "winlogbeat-*",
                    "name": "kibanaSavedObjectMeta.searchSourceJSON.index",
                    "type": "index-pattern"
                },
                {
                    "id": "winlogbeat-*",
                    "name": "kibanaSavedObjectMeta.searchSourceJSON.filter[0].meta.index",
                    "type": "index-pattern"
                }
            ],
            "type": "visualization",
            "updated_at": "2020-06-04T16:26:22.158Z",
            "version": "WzM0LDFd"
        },
        {
            "attributes": {
                "description": "",
                "kibanaSavedObjectMeta": {
                    "searchSourceJSON": "{\"filter\": [{\"$state\": {\"store\": \"appState\"}, \"meta\": {\"alias\": null, \"disabled\": false, \"indexRefName\": \"kibanaSavedObjectMeta.searchSourceJSON.filter[0].meta.index\", \"key\": \"event.code\", \"negate\": false, \"params\": {\"query\": \"4799\"}, \"type\": \"phrase\", \"value\": \"4799\"}, \"query\": {\"match\": {\"event.code\": {\"query\": \"4799\", \"type\": \"phrase\"}}}}], \"indexRefName\": \"kibanaSavedObjectMeta.searchSourceJSON.index\", \"query\": {\"language\": \"lucene\", \"query\": \"\"}}"
                },
                "title": "Group Membership Enumeration  - Simple Metric [Winlogbeat Security]",
                "uiStateJSON": "{}",
                "version": 1,
                "visState": "{\"aggs\": [{\"enabled\": true, \"id\": \"1\", \"params\": {\"customLabel\": \"Group Membership Enumerated\"}, \"schema\": \"metric\", \"type\": \"count\"}], \"params\": {\"addLegend\": false, \"addTooltip\": true, \"dimensions\": {\"metrics\": [{\"accessor\": 0, \"format\": {\"id\": \"number\", \"params\": {}}, \"type\": \"vis_dimension\"}]}, \"metric\": {\"colorSchema\": \"Blues\", \"colorsRange\": [{\"from\": 0, \"to\": 500, \"type\": \"range\"}, {\"from\": 500, \"to\": 20000}, {\"from\": 20000, \"to\": 30000}, {\"from\": 30000, \"to\": 40000}], \"invertColors\": true, \"labels\": {\"show\": true}, \"metricColorMode\": \"Labels\", \"percentageMode\": false, \"style\": {\"bgColor\": true, \"bgFill\": \"#000\", \"fontSize\": 60, \"labelColor\": false, \"subText\": \"\"}, \"useRanges\": false}, \"type\": \"metric\"}, \"title\": \"Group Membership Enumeration  - Simple Metric [Winlogbeat Security]\", \"type\": \"metric\"}"
            },
            "id": "0f2f5280-feeb-11e9-8405-516218e3d268",
            "migrationVersion": {
                "visualization": "7.7.0"
            },
            "references": [
                {
                    "id": "winlogbeat-*",
                    "name": "kibanaSavedObjectMeta.searchSourceJSON.index",
                    "type": "index-pattern"
                },
                {
                    "id": "winlogbeat-*",
                    "name": "kibanaSavedObjectMeta.searchSourceJSON.filter[0].meta.index",
                    "type": "index-pattern"
                }
            ],
            "type": "visualization",
            "updated_at": "2020-06-04T16:26:22.158Z",
            "version": "WzM1LDFd"
        },
        {
            "attributes": {
                "columns": [
                    "event.action",
                    "group.name",
                    "group.domain",
                    "user.name",
                    "user.domain",
                    "host.name"
                ],
                "description": "",
                "hits": 0,
                "kibanaSavedObjectMeta": {
                    "searchSourceJSON": "{\"filter\": [{\"$state\": {\"store\": \"appState\"}, \"meta\": {\"alias\": null, \"disabled\": false, \"indexRefName\": \"kibanaSavedObjectMeta.searchSourceJSON.filter[0].meta.index\", \"key\": \"event.code\", \"negate\": false, \"params\": [\"4731\", \"4732\", \"4733\", \"4734\", \"4735\", \"4737\", \"4764\", \"4727\", \"4728\", \"4729\", \"4730\", \"4754\", \"4755\", \"4756\", \"4757\", \"4758\", \"4799\", \"4749\", \"4750\", \"4751\", \"4752\", \"4753\", \"4759\", \"4760\", \"4761\", \"4762\", \"4763\", \"4744\", \"4745\", \"4746\", \"4748\"], \"type\": \"phrases\", \"value\": \"4731, 4732, 4733, 4734, 4735, 4737, 4764, 4727, 4728, 4729, 4730, 4754, 4755, 4756, 4757, 4758, 4799, 4749, 4750, 4751, 4752, 4753, 4759, 4760, 4761, 4762, 4763, 4744, 4745, 4746, 4748\"}, \"query\": {\"bool\": {\"minimum_should_match\": 1, \"should\": [{\"match_phrase\": {\"event.code\": \"4731\"}}, {\"match_phrase\": {\"event.code\": \"4732\"}}, {\"match_phrase\": {\"event.code\": \"4733\"}}, {\"match_phrase\": {\"event.code\": \"4734\"}}, {\"match_phrase\": {\"event.code\": \"4735\"}}, {\"match_phrase\": {\"event.code\": \"4737\"}}, {\"match_phrase\": {\"event.code\": \"4764\"}}, {\"match_phrase\": {\"event.code\": \"4727\"}}, {\"match_phrase\": {\"event.code\": \"4728\"}}, {\"match_phrase\": {\"event.code\": \"4729\"}}, {\"match_phrase\": {\"event.code\": \"4730\"}}, {\"match_phrase\": {\"event.code\": \"4754\"}}, {\"match_phrase\": {\"event.code\": \"4755\"}}, {\"match_phrase\": {\"event.code\": \"4756\"}}, {\"match_phrase\": {\"event.code\": \"4757\"}}, {\"match_phrase\": {\"event.code\": \"4758\"}}, {\"match_phrase\": {\"event.code\": \"4799\"}}, {\"match_phrase\": {\"event.code\": \"4749\"}}, {\"match_phrase\": {\"event.code\": \"4750\"}}, {\"match_phrase\": {\"event.code\": \"4751\"}}, {\"match_phrase\": {\"event.code\": \"4752\"}}, {\"match_phrase\": {\"event.code\": \"4753\"}}, {\"match_phrase\": {\"event.code\": \"4759\"}}, {\"match_phrase\": {\"event.code\": \"4760\"}}, {\"match_phrase\": {\"event.code\": \"4761\"}}, {\"match_phrase\": {\"event.code\": \"4762\"}}, {\"match_phrase\": {\"event.code\": \"4763\"}}, {\"match_phrase\": {\"event.code\": \"4744\"}}, {\"match_phrase\": {\"event.code\": \"4745\"}}, {\"match_phrase\": {\"event.code\": \"4746\"}}, {\"match_phrase\": {\"event.code\": \"4748\"}}]}}}], \"highlightAll\": true, \"indexRefName\": \"kibanaSavedObjectMeta.searchSourceJSON.index\", \"query\": {\"language\": \"lucene\", \"query\": \"\"}, \"version\": true}"
                },
                "sort": [
                    [
                        "@timestamp",
                        "desc"
                    ]
                ],
                "title": "Group Management Details - Search View [Winlogbeat Security]",
                "version": 1
            },
            "id": "9066d5b0-fef2-11e9-8405-516218e3d268",
            "migrationVersion": {
                "search": "7.4.0"
            },
            "references": [
                {
                    "id": "winlogbeat-*",
                    "name": "kibanaSavedObjectMeta.searchSourceJSON.index",
                    "type": "index-pattern"
                },
                {
                    "id": "winlogbeat-*",
                    "name": "kibanaSavedObjectMeta.searchSourceJSON.filter[0].meta.index",
                    "type": "index-pattern"
                }
            ],
            "type": "search",
            "updated_at": "2020-06-04T16:26:27.206Z",
            "version": "WzE0NCwxXQ=="
        },
        {
            "attributes": {
                "description": "",
                "kibanaSavedObjectMeta": {
                    "searchSourceJSON": "{\"filter\": [], \"query\": {\"language\": \"kuery\", \"query\": \"\"}}"
                },
                "title": "Dashboard links  - Simple [Winlogbeat Security]",
                "uiStateJSON": "{}",
                "version": 1,
                "visState": "{\"aggs\": [], \"params\": {\"fontSize\": 12, \"markdown\": \"[Winlogbeat General ECS Dashboard](#/dashboard/Winlogbeat-Dashboard-ecs) | [User Logon Information](#/dashboard/035846a0-a249-11e9-a422-d144027429da?) | [Logon failed and Account Lockout](#/dashboard/f49f3170-9ffc-11ea-87e4-49f31ec44891)  | [User Management Events](#/dashboard/8223bed0-b9e9-11e9-b6a2-c9b4015c4baf) | [Group Management Events](#/dashboard/01c54730-fee6-11e9-8405-516218e3d268)\", \"openLinksInNewTab\": false}, \"title\": \"Dashboard links  - Simple [Winlogbeat Security]\", \"type\": \"markdown\"}"
            },
            "id": "d770b040-9b35-11ea-87e4-49f31ec44891",
            "migrationVersion": {
                "visualization": "7.7.0"
            },
            "references": [],
            "type": "visualization",
            "updated_at": "2020-06-04T16:26:29.252Z",
            "version": "WzE3NCwxXQ=="
        },
        {
            "attributes": {
                "description": "",
                "kibanaSavedObjectMeta": {
                    "searchSourceJSON": "{\"filter\": [], \"query\": {\"language\": \"kuery\", \"query\": \"\"}}"
                },
                "savedSearchRefName": "search_0",
                "title": "Group Management Events - Event Actions - Table [Winlogbeat Security]",
                "uiStateJSON": "{\"vis\": {\"params\": {\"sort\": {\"columnIndex\": null, \"direction\": null}}}}",
                "version": 1,
                "visState": "{\"aggs\": [{\"enabled\": true, \"id\": \"1\", \"params\": {}, \"schema\": \"metric\", \"type\": \"count\"}, {\"enabled\": true, \"id\": \"2\", \"params\": {\"customLabel\": \"event.action\", \"field\": \"event.action\", \"missingBucket\": false, \"missingBucketLabel\": \"Missing\", \"order\": \"desc\", \"orderBy\": \"1\", \"otherBucket\": false, \"otherBucketLabel\": \"Other\", \"size\": 50}, \"schema\": \"bucket\", \"type\": \"terms\"}, {\"enabled\": true, \"id\": \"3\", \"params\": {\"customLabel\": \"event.code\", \"field\": \"event.code\", \"missingBucket\": false, \"missingBucketLabel\": \"Missing\", \"order\": \"desc\", \"orderBy\": \"1\", \"otherBucket\": false, \"otherBucketLabel\": \"Other\", \"size\": 5}, \"schema\": \"bucket\", \"type\": \"terms\"}], \"params\": {\"perPage\": 10, \"percentageCol\": \"\", \"showMetricsAtAllLevels\": false, \"showPartialRows\": false, \"showTotal\": false, \"sort\": {\"columnIndex\": null, \"direction\": null}, \"totalFunc\": \"sum\"}, \"title\": \"Group Management Events - Event Actions - Table [Winlogbeat Security]\", \"type\": \"table\"}"
            },
            "id": "33462600-9b47-11ea-87e4-49f31ec44891",
            "migrationVersion": {
                "visualization": "7.7.0"
            },
            "references": [
                {
                    "id": "9066d5b0-fef2-11e9-8405-516218e3d268",
                    "name": "search_0",
                    "type": "search"
                }
            ],
            "type": "visualization",
            "updated_at": "2020-06-04T16:26:27.206Z",
            "version": "WzE0NywxXQ=="
        },
        {
            "attributes": {
                "description": "",
                "kibanaSavedObjectMeta": {
                    "searchSourceJSON": "{\"filter\": [], \"query\": {\"language\": \"kuery\", \"query\": \"\"}}"
                },
                "savedSearchRefName": "search_0",
                "title": "Group Management Events - Target Groups - Tag Cloud  [Winlogbeat Security]",
                "uiStateJSON": "{}",
                "version": 1,
                "visState": "{\"aggs\": [{\"enabled\": true, \"id\": \"1\", \"params\": {}, \"schema\": \"metric\", \"type\": \"count\"}, {\"enabled\": true, \"id\": \"2\", \"params\": {\"field\": \"group.name\", \"missingBucket\": false, \"missingBucketLabel\": \"Missing\", \"order\": \"desc\", \"orderBy\": \"1\", \"otherBucket\": false, \"otherBucketLabel\": \"Other\", \"size\": 5}, \"schema\": \"segment\", \"type\": \"terms\"}], \"params\": {\"maxFontSize\": 58, \"minFontSize\": 18, \"orientation\": \"single\", \"scale\": \"linear\", \"showLabel\": false}, \"title\": \"Group Management Events - Target Groups - Tag Cloud  [Winlogbeat Security]\", \"type\": \"tagcloud\"}"
            },
            "id": "58fb9480-9b46-11ea-87e4-49f31ec44891",
            "migrationVersion": {
                "visualization": "7.7.0"
            },
            "references": [
                {
                    "id": "9066d5b0-fef2-11e9-8405-516218e3d268",
                    "name": "search_0",
                    "type": "search"
                }
            ],
            "type": "visualization",
            "updated_at": "2020-06-04T16:26:27.206Z",
            "version": "WzE0NiwxXQ=="
        },
        {
            "attributes": {
                "description": "",
                "kibanaSavedObjectMeta": {
                    "searchSourceJSON": "{\"filter\": [], \"query\": {\"language\": \"kuery\", \"query\": \"\"}}"
                },
                "savedSearchRefName": "search_0",
                "title": "Group Management Events - Groups vs Actions - Heatmap [Winlogbeat Security]",
                "uiStateJSON": "{}",
                "version": 1,
                "visState": "{\"aggs\": [{\"enabled\": true, \"id\": \"1\", \"params\": {}, \"schema\": \"metric\", \"type\": \"count\"}, {\"enabled\": true, \"id\": \"2\", \"params\": {\"customLabel\": \"Target Groups\", \"field\": \"group.name\", \"missingBucket\": false, \"missingBucketLabel\": \"Missing\", \"order\": \"desc\", \"orderBy\": \"1\", \"otherBucket\": false, \"otherBucketLabel\": \"Other\", \"size\": 20}, \"schema\": \"segment\", \"type\": \"terms\"}, {\"enabled\": true, \"id\": \"3\", \"params\": {\"customLabel\": \"Actions\", \"field\": \"event.action\", \"missingBucket\": false, \"missingBucketLabel\": \"Missing\", \"order\": \"desc\", \"orderBy\": \"1\", \"otherBucket\": false, \"otherBucketLabel\": \"Other\", \"size\": 5}, \"schema\": \"group\", \"type\": \"terms\"}], \"params\": {\"addLegend\": true, \"addTooltip\": true, \"colorSchema\": \"Blues\", \"colorsNumber\": 4, \"colorsRange\": [], \"enableHover\": false, \"invertColors\": false, \"legendPosition\": \"right\", \"percentageMode\": false, \"setColorRange\": false, \"times\": [], \"type\": \"heatmap\", \"valueAxes\": [{\"id\": \"ValueAxis-1\", \"labels\": {\"color\": \"black\", \"overwriteColor\": false, \"rotate\": 0, \"show\": true}, \"scale\": {\"defaultYExtents\": false, \"type\": \"linear\"}, \"show\": false, \"type\": \"value\"}]}, \"title\": \"Group Management Events - Groups vs Actions - Heatmap [Winlogbeat Security]\", \"type\": \"heatmap\"}"
            },
            "id": "e20c02d0-9b48-11ea-87e4-49f31ec44891",
            "migrationVersion": {
                "visualization": "7.7.0"
            },
            "references": [
                {
                    "id": "9066d5b0-fef2-11e9-8405-516218e3d268",
                    "name": "search_0",
                    "type": "search"
                }
            ],
            "type": "visualization",
            "updated_at": "2020-06-04T16:26:27.206Z",
            "version": "WzE0OCwxXQ=="
        },
        {
            "attributes": {
                "description": "",
                "kibanaSavedObjectMeta": {
                    "searchSourceJSON": "{\"filter\": [], \"query\": {\"language\": \"kuery\", \"query\": \"\"}}"
                },
                "savedSearchRefName": "search_0",
                "title": "Group Management Action Distribution over Time [Winlogbeat Security]",
                "uiStateJSON": "{}",
                "version": 1,
                "visState": "{\"aggs\": [{\"enabled\": true, \"id\": \"1\", \"params\": {}, \"schema\": \"metric\", \"type\": \"count\"}, {\"enabled\": true, \"id\": \"2\", \"params\": {\"drop_partials\": false, \"extended_bounds\": {}, \"field\": \"@timestamp\", \"interval\": \"auto\", \"min_doc_count\": 1, \"scaleMetricValues\": false, \"timeRange\": {\"from\": \"now-30d\", \"to\": \"now\"}, \"useNormalizedEsInterval\": true}, \"schema\": \"segment\", \"type\": \"date_histogram\"}, {\"enabled\": true, \"id\": \"3\", \"params\": {\"field\": \"event.action\", \"missingBucket\": false, \"missingBucketLabel\": \"Missing\", \"order\": \"desc\", \"orderBy\": \"1\", \"otherBucket\": false, \"otherBucketLabel\": \"Other\", \"size\": 25}, \"schema\": \"group\", \"type\": \"terms\"}], \"params\": {\"addLegend\": true, \"addTimeMarker\": false, \"addTooltip\": true, \"categoryAxes\": [{\"id\": \"CategoryAxis-1\", \"labels\": {\"filter\": true, \"show\": true, \"truncate\": 100}, \"position\": \"bottom\", \"scale\": {\"type\": \"linear\"}, \"show\": true, \"style\": {}, \"title\": {}, \"type\": \"category\"}], \"grid\": {\"categoryLines\": false, \"valueAxis\": \"\"}, \"labels\": {\"show\": false}, \"legendPosition\": \"right\", \"seriesParams\": [{\"data\": {\"id\": \"1\", \"label\": \"Count\"}, \"drawLinesBetweenPoints\": true, \"lineWidth\": 2, \"mode\": \"stacked\", \"show\": true, \"showCircles\": true, \"type\": \"histogram\", \"valueAxis\": \"ValueAxis-1\"}], \"thresholdLine\": {\"color\": \"#E7664C\", \"show\": false, \"style\": \"full\", \"value\": 10, \"width\": 1}, \"times\": [], \"type\": \"histogram\", \"valueAxes\": [{\"id\": \"ValueAxis-1\", \"labels\": {\"filter\": false, \"rotate\": 0, \"show\": true, \"truncate\": 100}, \"name\": \"LeftAxis-1\", \"position\": \"left\", \"scale\": {\"mode\": \"normal\", \"type\": \"linear\"}, \"show\": true, \"style\": {}, \"title\": {\"text\": \"Count\"}, \"type\": \"value\"}]}, \"title\": \"Group Management Action Distribution over Time [Winlogbeat Security]\", \"type\": \"histogram\"}"
            },
            "id": "7de2e3f0-9b4d-11ea-87e4-49f31ec44891",
            "migrationVersion": {
                "visualization": "7.7.0"
            },
            "references": [
                {
                    "id": "9066d5b0-fef2-11e9-8405-516218e3d268",
                    "name": "search_0",
                    "type": "search"
                }
            ],
            "type": "visualization",
            "updated_at": "2020-06-04T16:26:27.206Z",
            "version": "WzE0OSwxXQ=="
        },
        {
            "attributes": {
                "description": "",
                "kibanaSavedObjectMeta": {
                    "searchSourceJSON": "{\"filter\": [], \"query\": {\"language\": \"kuery\", \"query\": \"\"}}"
                },
                "savedSearchRefName": "search_0",
                "title": "Group Management Events - Event Actions [Winlogbeat Security]",
                "uiStateJSON": "{}",
                "version": 1,
                "visState": "{\"aggs\": [{\"enabled\": true, \"id\": \"1\", \"params\": {}, \"schema\": \"metric\", \"type\": \"count\"}, {\"enabled\": true, \"id\": \"2\", \"params\": {\"field\": \"event.action\", \"missingBucket\": false, \"missingBucketLabel\": \"Missing\", \"order\": \"desc\", \"orderBy\": \"1\", \"otherBucket\": false, \"otherBucketLabel\": \"Other\", \"size\": 5}, \"schema\": \"segment\", \"type\": \"terms\"}], \"params\": {\"addLegend\": true, \"addTooltip\": true, \"isDonut\": false, \"labels\": {\"last_level\": true, \"show\": false, \"truncate\": 100, \"values\": true}, \"legendPosition\": \"right\", \"type\": \"pie\"}, \"title\": \"Group Management Events - Event Actions [Winlogbeat Security]\", \"type\": \"pie\"}"
            },
            "id": "b89b0c90-9b41-11ea-87e4-49f31ec44891",
            "migrationVersion": {
                "visualization": "7.7.0"
            },
            "references": [
                {
                    "id": "9066d5b0-fef2-11e9-8405-516218e3d268",
                    "name": "search_0",
                    "type": "search"
                }
            ],
            "type": "visualization",
            "updated_at": "2020-06-04T16:26:27.206Z",
            "version": "WzE0NSwxXQ=="
        }
    ],
    "version": "7.7.0"
}